brand,model,type_code,product_count,unique_skus
VW,GOLF,F,162,64
USA CARS,CHEVROLET,F,154,127
USA CARS,FORD,F,124,102
BMW,5 SERIE,F,113,60
FORD TRUCKS,TRANSIT,B,107,88
FORD,FOCUS,F,104,27
USA CARS,CHEVROLET,B,97,91
FORD,MONDEO,F,90,23
BMW,3 SERIE,F,89,54
VW,PASSAT,F,86,49
FORD TRUCKS,TRANSIT,F,84,72
LANDROVER,RANGE ROVER,F,80,65
VW,GOLF,B,78,47
USA CARS,FORD,B,77,72
TOYOTA,COROLLA,F,67,29
VW,PASSAT,B,56,36
RENAULT,MEGANE,F,54,30
AUDI,A6,F,52,31
USA CARS,FORD,SPB1,50,45
USA CARS,JEEP,F,48,44
HONDA,CIVIC,F,47,42
USA CARS,JEEP,B,47,43
AUDI,A3,F,46,22
VW,GOLF,DFF,46,33
USA CARS,CHEVROLET,SFB1,46,46
USA CARS,CADILLAC,F,46,39
USA CARS,FORD,SFB1,45,41
FORD,FIESTA,F,44,23
FORD,MONDEO,B,44,31
USA CARS,DODGE,F,44,33
BMW,3 SERIE,B,42,36
OPEL,CORSA,F,40,23
VW,GOLF,DPF,40,27
USA CARS,CHEVROLET,SPB1,40,40
VW,POLO,F,39,18
AUDI,A4,F,39,22
SKODA,OCTAVIA,F,39,17
VW TRUCKS,TRANSPORTER,B,39,39
VW,GOLF,SFB1,39,36
USA CARS,CHEVROLET,DPF,39,36
USA CARS,JEEP,SPB1,39,37
SEAT,IBIZA,F,37,16
BMW,1 SERIE,F,37,12
USA CARS,FORD,DFF,37,32
AUDI,A6,B,36,31
VW,GOLF,DPB,36,27
FORD,MONDEO,SFB1,36,19
BMW,7 SERIE,F,35,35
VW,GOLF,DFB,35,28
FORD,MONDEO,DFB,35,18
HONDA,ACCORD,F,34,25
VW TRUCKS,TRANSPORTER,F,33,26
RENAULT,LAGUNA,F,33,17
BMW,3 SERIE,DFF,33,27
RENAULT,MEGANE,B,33,32
USA CARS,FORD,DPF,33,29
USA CARS,CHEVROLET,DFB,33,32
PORSCHE,911,F,32,28
TOYOTA,COROLLA,DFF,32,20
TOYOTA,COROLLA,B,32,25
BMW,5 SERIE,B,32,27
LANDROVER,RANGE ROVER,B,32,26
USA CARS,CHEVROLET,DPB,32,31
USA CARS,CHRYSLER,B,32,31
TESLA,N/A,F,32,16
USA CARS,JEEP,SFB1,32,32
MITSUBISHI,PAJERO,F,31,16
RENAULT,CLIO,F,31,14
MERCEDES TRUCKS,SPRINTER,F,31,24
HONDA,CIVIC,B,31,29
VOLVO,V70,F,31,17
VW,GOLF,DFBV,31,25
FORD,FOCUS,SFB1,31,23
PEUGEOT,308,F,31,11
USA CARS,CHRYSLER,F,31,29
BMW,3 SERIE,DPF,30,24
VW,GOLF,SPB1,30,26
VOLVO,S 80,F,30,16
TOYOTA,YARIS,F,30,20
USA CARS,CHEVROLET,DFF,30,27
TOYOTA,RAV,F,29,25
VW,POLO,B,29,20
TOYOTA,COROLLA,DPF,29,19
SKODA,SUPERB,F,29,18
VW,PASSAT,DFB,29,22
AUDI,A6,DFF,29,12
AUDI,A6,SFB1,29,26
AUDI,A6,SPB1,29,26
FORD,MONDEO,SPB1,29,14
MAZDA,6,F,29,11
OPEL,VIVARO,B,29,29
USA CARS,FORD,DFB,29,27
FORD,ESCORT,F,28,10
SUBARU,LEGACY,F,28,14
VW,PASSAT,SFB1,28,24
VOLVO,V70,DFF,28,12
FORD,FOCUS,B,28,22
AUDI,A8,F,27,27
AUDI,A6,DFB,27,25
VW,GOLF,DPBV,27,21
VW,CADDY,B,27,21
VOLVO,V70,SPB1,27,14
KIA,CEED,F,27,16
OPEL,INSIGNIA,F,27,10
USA CARS,JEEP,DFF,27,27
USA CARS,JEEP,DPB,27,27
FIAT TRUCKS,DAILY,F,26,18
BMW,5 SERIE,DFB,26,23
BMW,5 SERIE,DPB,26,22
VW,PASSAT,SPB1,26,22
OPEL,CORSA,B,26,20
PEUGEOT,307,F,26,10
HYUNDAI,I30,F,26,14
USA CARS,JEEP,DPF,26,26
USA CARS,DODGE,B,26,26
USA CARS,CHRYSLER,SPB1,26,26
USA CARS,GMC,F,26,16
VW,CADDY,F,25,16
BMW,3 SERIE,SPB1,25,25
TOYOTA,COROLLA,DPB,25,20
SUBARU,LEGACY,B,25,19
AUDI,A4,SFB1,25,25
CITROEN TRUCKS,JUMPY,B,25,20
PEUGEOT TRUCKS,EXPERT,B,25,20
RENAULT,MEGANE,DFB,25,24
FORD,FOCUS,SPB1,25,17
TOYOTA,YARIS,B,25,16
PORSCHE,911,SPB1,25,21
MERCEDES,SERIE W205,F,25,18
USA CARS,FORD,DPB,25,23
USA CARS,DODGE,DFF,25,22
USA CARS,DODGE,DPF,25,22
USA CARS,JEEP,DFB,25,25
USA CARS,CHRYSLER,SFB1,25,25
MAZDA,626,F,24,17
TOYOTA,LANDCRUISER,F,24,23
MITSUBISHI,COLT,F,24,17
HONDA,CIVIC,DFF,24,22
TOYOTA,COROLLA,DFB,24,19
AUDI,A6,DPB,24,22
FORD,MONDEO,DFF,24,6
FORD,MONDEO,DPF,24,6
PORSCHE,911,SFB1,24,20
TESLA,N/A,DFB,24,12
SUBARU,IMPREZA,F,23,15
HONDA,CIVIC,DPF,23,21
BMW,5 SERIE,DPF,23,12
VW,PASSAT,DPF,23,9
CITROEN,XSARA,F,23,11
TOYOTA,PRIUS,F,23,14
FORD,MONDEO,DPB,23,10
MERCEDES,SERIE W203,F,23,9
BMW,X5,F,23,23
RENAULT,MEGANE,DPF,23,19
BMW,X3,F,23,23
CITROEN TRUCKS,BERLINGO,B,23,16
PORSCHE,CAYENNE 5D,F,23,23
USA CARS,GMC,B,23,16
MAZDA,323,F,22,14
JAGUAR,XJ SERIE,F,22,22
BMW,3 SERIE,DPB,22,19
FORD TRUCKS,TRANSIT,DFFV,22,15
HONDA,CR-V,F,22,22
MERCEDES TRUCKS,ACTROS/AROCKS/ANTOS,F,22,22
VW,PASSAT,DFF,22,9
VW,PASSAT,DPB,22,15
FORD,FIESTA,B,22,15
SEAT,IBIZA,B,22,15
MERCEDES TRUCKS,SPRINTER,B,22,21
RENAULT,MEGANE,DFF,22,16
FIAT,500,F,22,21
VOLVO,XC 60,F,22,17
MERCEDES,SERIE W212,F,22,12
BMW,3 SERIE,DFB,21,18
TOYOTA,COROLLA,SFB1,21,19
VOLVO,740_760-80 SERIE,B,21,6
FORD TRUCKS,TRANSIT,DFF,21,15
BMW,5 SERIE,DFF,21,10
FORD,ESCORT,B,21,13
LANDROVER,RANGE ROVER,DPB,21,21
RENAULT,MEGANE,SFB1,21,21
AUDI,A3,B,21,18
CITROEN,C4,B,21,21
VW,GOLF,DPFV,21,15
TOYOTA TRUCKS,PROACE,B,21,21
OPEL,VECTRA,F,20,7
MAZDA,323,B,20,16
VOLVO,300 SERIE,B,20,8
MITSUBISHI,PAJERO,B,20,12
CITROEN TRUCKS,BERLINGO,F,20,14
BMW,3 SERIE,SFB1,20,20
BMW,5 SERIE,DFBV,20,17
VW TRUCKS,TRANSPORTER,SFB1,20,20
VOLVO,V70,DFB,20,12
HYUNDAI,SANTA FE,F,20,17
PEUGEOT TRUCKS,PARTNER,B,20,20
CITROEN,C4,F,20,15
MERCEDES,SERIE W204,F,20,8
AUDI,A5,F,20,20
VOLVO,V60,F,20,15
USA CARS,CHRYSLER,DPB,20,20
TESLA,N/A,B,20,10
TESLA,N/A,DPB,20,10
USA CARS,DODGE,DPB,20,20
MITSUBISHI,LANCER,F,19,12
MITSUBISHI,GALANT,F,19,15
NISSAN,SUNNY,F,19,11
BMW,3 SERIE,DFBV,19,19
TOYOTA,COROLLA,SPB1,19,17
RENAULT,CLIO,B,19,14
PEUGEOT,206,F,19,11
LANDROVER,RANGE ROVER,DFB,19,19
AUDI,A4,B,19,18
AUDI,A4,SPB1,19,19
BMW,4 SERIE,F,19,15
RENAULT,MEGANE,SPB1,19,19
MERCEDES TRUCKS,VITO,B,19,19
PORSCHE,911,DFF,19,17
FORD,FOCUS,DFB,19,15
MITSUBISHI,OUTLANDER,F,19,19
VW,GOLF,DFFV,19,13
USA CARS,CHRYSLER,DFF,19,18
USA CARS,CHRYSLER,DPF,19,18
VW,SHARAN,F,18,15
BMW,3 SERIE,DPBV,18,18
HONDA,CIVIC,DFB,18,17
DAEWOO (CHEVROLET),NUBIRA,F,18,6
BMW,5 SERIE,SFB1,18,14
VW,POLO,DFF,18,10
VW,POLO,DPF,18,10
LANDROVER,RANGE ROVER,SFB1,18,18
HYUNDAI,ACCENT,B,18,9
VW,CADDY,SFB1,18,16
CITROEN,C5,F,18,10
FORD,FOCUS,DFF,18,9
FORD,FOCUS,DPF,18,9
BMW,6 SERIE,F,18,18
MAZDA,3,F,18,12
SSANGYONG,REXTON,F,18,11
CITROEN,C4,DFB,18,18
CITROEN,C4,SFB1,18,18
PEUGEOT,207,F,18,8
FORD,S-MAX,F,18,18
FORD,KUGA,F,18,14
USA CARS,CADILLAC,DPF,18,17
SAAB,900,F,17,9
OPEL,ASCONA,F,17,7
NISSAN,MICRA,F,17,11
VW,JETTA,F,17,11
PEUGEOT,306,F,17,5
HONDA,CIVIC,DPB,17,16
TOYOTA,LANDCRUISER,B,17,17
MAZDA,323,DPF,17,13
SAAB,900,B,17,11
PEUGEOT TRUCKS,PARTNER,F,17,17
SUBARU,LEGACY,DFB,17,15
FORD,ESCORT,DFF,17,10
FORD,ESCORT,DPF,17,10
AUDI,A6,DPF,17,8
LANDROVER,RANGE ROVER,DFF,17,16
AUDI,A8,B,17,17
BMW,X1,DFB,17,11
HONDA,CR-V,SFB1,17,13
PORSCHE,911,B,17,13
FORD,FOCUS,DPB,17,15
MAZDA,6,B,17,15
USA CARS,CHRYSLER,DFB,17,17
USA CARS,DODGE,DFB,17,17
NISSAN TRUCKS,CABSTAR,F,16,13
HYUNDAI,ACCENT,F,16,6
CITROEN TRUCKS,JUMPY,F,16,11
PEUGEOT TRUCKS,EXPERT,F,16,11
FORD,GALAXY,F,16,16
HONDA,ACCORD,DFF,16,13
OPEL,CORSA,DFBV,16,14
TOYOTA,COROLLA,DPBV,16,14
BMW,7 SERIE,B,16,16
VOLVO,V70,DPB,16,10
LEXUS,IS,F,16,12
LANDROVER,RANGE ROVER,SPB1,16,16
AUDI,A8,DPB,16,16
VOLVO,XC 70,F,16,16
HONDA,CR-V,DFB,16,14
SKODA,OCTAVIA,B,16,12
VW TRUCKS,TRANSPORTER,SPB1,16,16
NISSAN,QASHQAI,F,16,16
KIA,CEED,B,16,15
KIA,CEED,SPB1,16,16
AUDI,Q5,F,16,11
MERCEDES,SERIE W222/217 (S-KLASSE),F,16,9
MERCEDES,SERIE W206 (C-KLASS),F,16,8
TOYOTA TRUCKS,HI-LUX,F,15,13
MERCEDES,SERIE W124,F,15,5
NISSAN,PRIMERA,F,15,7
SAAB,9-3,F,15,7
MAZDA,323,DFF,15,11
OPEL,CORSA,DFF,15,12
OPEL,CORSA,DPF,15,12
HONDA,ACCORD,B,15,15
TOYOTA,COROLLA,DFBV,15,13
FORD TRUCKS,TRANSIT,DFB,15,14
BMW,7 SERIE,DFF,15,15
BMW,5 SERIE,DPBV,15,14
SUBARU,LEGACY,DPB,15,13
RENAULT,CLIO,DFB,15,11
RENAULT,CLIO,DPB,15,11
MITSUBISHI,PAJERO,SFB1,15,9
MITSUBISHI,PAJERO,SPB1,15,9
AUDI,TT,F,15,11
SEAT,LEON,F,15,11
LANDROVER,RANGE ROVER,DPF,15,14
CITROEN TRUCKS,JUMPER,B,15,15
FIAT TRUCKS,DUCATO,B,15,15
AUDI,A3,SFB1,15,15
HONDA,CR-V,DPB,15,13
HONDA,CR-V,B,15,13
VOLVO,V70,B,15,7
PORSCHE,911,DPF,15,13
BMW,X6,F,15,12
PORSCHE,CAYENNE 5D,SFB1,15,15
KIA,CEED,SFB1,15,15
HYUNDAI,I30,SPB1,15,15
PEUGEOT,308,B,15,11
OPEL,INSIGNIA,B,15,13
HYUNDAI,I20,F,15,10
USA CARS,JEEP,DPBV,15,15
USA CARS,JEEP,DPFV,15,13
USA CARS,CADILLAC,DFB,15,13
TOYOTA,CELICA,F,14,14
FORD,SIERRA,F,14,4
FIAT,UNO,F,14,7
SUBARU,JUSTY,F,14,8
VOLVO TRUCKS,FH LASTEVOGN,F,14,14
MERCEDES,SERIE W210,F,14,7
MITSUBISHI,LANCER,B,14,13
VW,JETTA,DFF,14,12
VW,JETTA,DPF,14,12
FORD,FIESTA,SFB1,14,14
FORD TRUCKS,TRANSIT,DPF,14,12
FORD,ESCORT,SFB1,14,14
RENAULT,CLIO,SFB1,14,14
MITSUBISHI,PAJERO,DFF,14,8
OPEL,MOVANO,F,14,7
NISSAN,MICRA,B,14,9
SEAT,IBIZA,SFB1,14,14
RENAULT,LAGUNA,B,14,14
AUDI,A8,DFB,14,14
CITROEN TRUCKS,BERLINGO,DFB,14,10
OPEL,VIVARO,F,14,14
MERCEDES,SERIE W211 (2002-2009),F,14,7
VOLVO,S 80,DFB,14,6
TOYOTA,YARIS,SFB1,14,10
SKODA,FABIA,B,14,14
FORD TRUCKS,TRANSIT,SFB1,14,12
VW,PASSAT,DFFV,14,7
TOYOTA TRUCKS,PROACE,F,14,14
VW TRUCKS,CRAFTER VAREBIL,B,14,14
PEUGEOT,308,SFB1,14,11
PORSCHE,PANAMERA,B,14,14
PORSCHE,PANAMERA,F,14,14
AUDI,A7,F,14,14
AUDI,A6,N/A,14,8
MERCEDES,SERIE W213 (E-CLASS),F,14,14
USA CARS,CADILLAC,DFF,14,13
USA CARS,CADILLAC,DPB,14,12
FIAT TRUCKS,DUCATO,F,13,13
SEAT,CORDOBA,F,13,8
FIAT,PUNTO,F,13,7
MITSUBISHI,LANCER,DFF,13,8
MITSUBISHI,LANCER,DPB,13,10
OPEL,KADETT,DPF,13,7
VOLVO,S 40,F,13,11
SUBARU,LEGACY,DPF,13,7
MERCEDES TRUCKS,VITO,F,13,11
OPEL,CORSA,DFB,13,12
HONDA,ACCORD,DPB,13,13
FORD TRUCKS,TRANSIT,DPFV,13,9
VOLVO,240 SERIE,B,13,7
JAGUAR,XK SERIE,F,13,8
FIAT,UNO,B,13,7
OPEL,VECTRA,SFB1,13,13
MITSUBISHI TRUCKS,L-200 PICK UP,B,13,13
SUBARU,FORESTER,F,13,12
MITSUBISHI,PAJERO,DFBV,13,8
BMW,5 SERIE,SPB1,13,11
PEUGEOT TRUCKS,BOXER,B,13,13
TOYOTA,RAV,B,13,10
VOLVO,S60,F,13,13
BMW,X1,F,13,10
RENAULT,ESPACE,B,13,9
CITROEN,C3,F,13,13
SUBARU,FORESTER,B,13,13
RENAULT,KANGOO,B,13,13
SKODA,FABIA,DFB,13,12
SKODA,FABIA,DFBV,13,11
TOYOTA,YARIS,DFB,13,10
CITROEN,C5,DFB,13,13
FORD TRUCKS,TRANSIT,DPB,13,13
PORSCHE,CAYENNE 5D,DPB,13,13
MAZDA,6,DFB,13,12
KIA,CEED,DFB,13,13
VOLVO,XC 60,DPB,13,8
MERCEDES,SERIE X253 (GLC),F,13,13
USA CARS,DODGE,SFB1,13,12
USA CARS,CADILLAC,B,13,12
USA CARS,GMC,DPF,13,6
USA CARS,GMC,DFF,13,6
VOLVO,240 SERIE,F,12,4
RENAULT TRUCKS,TRAFFIC,F,12,12
OPEL,REKORD,F,12,8
DAIHATSU,CHARADE,F,12,5
OPEL,OMEGA,F,12,6
VOLVO,740_760-80 SERIE,SFB1,12,3
VOLVO,740_760-80 SERIE,SPB1,12,3
OPEL,KADETT,DFF,12,6
VW,POLO,SFB1,12,10
SUBARU,LEGACY,DFF,12,7
HONDA,ACCORD,DFB,12,12
CITROEN,BX,DFB,12,6
SAAB,900,DFF,12,9
SAAB,900,DPF,12,9
SUBARU,IMPREZA,B,12,11
MAZDA,626,B,12,11
OPEL,VECTRA,B,12,12
SUBARU,LEGACY,SPB1,12,12
FORD,ESCORT,DFB,12,7
FORD,ESCORT,DPB,12,7
RENAULT,CLIO,DFF,12,10
RENAULT,CLIO,DPF,12,10
LEXUS,GS,F,12,7
MITSUBISHI,PAJERO,DPBV,12,7
VW,VENTO,B,12,6
PEUGEOT,106,B,12,4
SEAT,IBIZA,DPB,12,11
SEAT,IBIZA,SPB1,12,12
AUDI,A4,DPF,12,7
AUDI,A4,DFB,12,12
FORD TRUCKS,RANGER,F,12,12
CITROEN TRUCKS,JUMPY,SPB1,12,10
PEUGEOT TRUCKS,EXPERT,SPB1,12,10
FORD,GALAXY,SFB1,12,12
VW,SHARAN,B,12,9
RENAULT,MEGANE,DPB,12,11
SKODA,OCTAVIA,DFB,12,12
NISSAN,X-TRAIL,F,12,12
VOLVO,S 80,DPB,12,6
RENAULT TRUCKS,MASTER,B,12,12
TOYOTA,YARIS,DFF,12,11
VW,TOUAREG,F,12,12
MERCEDES,SERIE W203,DFF,12,7
VOLVO,S60,B,12,8
CITROEN,C3,DFB,12,9
MITSUBISHI,OUTLANDER,B,12,11
MERCEDES,SERIE W221,F,12,6
VW,PASSAT,DPFV,12,6
SKODA,SUPERB,B,12,12
VOLVO,XC 60,B,12,8
USA CARS,CHEVROLET,DPFV,12,12
BMW,X1,SFB1,12,7
BMW,X1,SPB1,12,7
VOLVO,V60,DFB,12,8
VOLVO,V60,DPB,12,8
VOLVO,V60,DFBV,12,9
USA CARS,CHEVROLET,DFBV,12,12
VW,PASSAT,DFBV,12,10
SKODA,CITIGO,F,12,6
VW,UP,F,12,6
USA CARS,DODGE,SPB1,12,11
USA CARS,JEEP,DFBV,12,12
MOTORHOMES,HYMER,F,12,12
MAZDA,929,F,11,8
NISSAN,BLUEBIRD,F,11,6
RENAULT TRUCKS,MASTER,F,11,11
TOYOTA,STARLET,F,11,6
RENAULT,ESPACE,F,11,8
PEUGEOT,406,F,11,7
HONDA,CIVIC,SFB1,11,11
HONDA,CIVIC,SPB1,11,11
NISSAN,ALMERA,F,11,7
MITSUBISHI,COLT,B,11,10
MITSUBISHI,LANCER,DFB,11,9
VOLVO,740_760-80 SERIE,DFBV,11,3
MAZDA,323,DFB,11,9
MAZDA,323,DPB,11,9
HONDA,ACCORD,DPF,11,8
PEUGEOT,405,B,11,7
MAZDA,626,DFF,11,9
MAZDA,626,DPF,11,9
OPEL,VECTRA,DFB,11,8
OPEL,VECTRA,DPB,11,8
FORD,FIESTA,DFF,11,10
FORD,FIESTA,DPF,11,10
FORD,FIESTA,SPB1,11,11
SAAB,9-5,F,11,8
VW TRUCKS,TRANSPORTER,DFF,11,10
MITSUBISHI,PAJERO,DPF,11,6
MITSUBISHI,PAJERO,DFB,11,7
MITSUBISHI,PAJERO,DPB,11,7
SMART,FORTWO,F,11,7
LANDROVER,RANGE ROVER,DFBV,11,11
AUDI,A4,DFF,11,6
AUDI,A4,DPB,11,11
CITROEN TRUCKS,JUMPY,DFB,11,6
PEUGEOT TRUCKS,EXPERT,DFB,11,6
CITROEN TRUCKS,JUMPY,DPB,11,6
PEUGEOT TRUCKS,EXPERT,DPB,11,6
MERCEDES TRUCKS,SPRINTER,DFFV,11,7
MERCEDES TRUCKS,VITO,SPB2,11,11
AUDI,A3,SPB1,11,11
RENAULT,MEGANE,DFFV,11,11
CITROEN TRUCKS,BERLINGO,SFB1,11,8
PEUGEOT TRUCKS,PARTNER,DFB,11,11
HYUNDAI,H1,B,11,11
KIA,SORENTO,F,11,11
LEXUS,IS,B,11,7
SKODA,FABIA,DPB,11,10
SKODA,FABIA,DPBV,11,10
SEAT,LEON,B,11,11
BMW,X5,DFB,11,9
BMW,X5,DPB,11,9
VOLVO,XC 70,DFF,11,11
VOLVO,XC 70,DFB,11,11
FIAT TRUCKS,DAILY,B,11,9
VOLVO,XC 70,SPB1,11,11
CITROEN,C5,SFB1,11,11
RENAULT TRUCKS,TRAFFIC,B,11,11
CITROEN,C3,B,11,9
FORD TRUCKS,TRANSIT,SPB2,11,11
PORSCHE,CAYENNE 5D,DFB,11,11
PORSCHE,CAYENNE 5D,SPB1,11,11
MAZDA,6,DPB,11,10
USA CARS,CHEVROLET,DFFV,11,11
CITROEN,C4,DPFV,11,10
CITROEN,C4,DPB,11,11
HYUNDAI,I30,DFB,11,10
VOLVO,XC 60,SPB1,11,8
PEUGEOT,208,F,11,7
PORSCHE,CAYENNE 5D,B,11,11
USA CARS,JEEP,DFFV,11,11
VETERAN CARS (NOT USA),MG,F,10,9
TOYOTA TRUCKS,HI-ACE,F,10,10
OPEL,SENATOR,F,10,10
PEUGEOT,106,F,10,4
CITROEN,XANTIA,F,10,5
OPEL,COMBO,F,10,9
VW,JETTA,B,10,6
MITSUBISHI,LANCER,DPF,10,7
VW,POLO,SPB1,10,8
OPEL,CORSA,DPBV,10,8
VOLVO,400 SERIE,B,10,6
VOLVO,140 SERIE,B,10,7
CITROEN,BX,DPB,10,5
MAZDA,626,DFB,10,10
MAZDA,626,DPB,10,10
OPEL,VECTRA,DFF,10,4
OPEL,VECTRA,DPF,10,4
OPEL,VECTRA,SPB1,10,10
FORD,FIESTA,DFB,10,9
SUBARU,LEGACY,SFB1,10,10
VW TRUCKS,TRANSPORTER,DPF,10,9
NISSAN,PRIMERA,DFF,10,5
NISSAN,PRIMERA,DPF,10,5
NISSAN,PRIMERA,DFB,10,7
NISSAN,PRIMERA,DPB,10,7
OPEL,CORSA,SFB1,10,10
OPEL,CORSA,SPB1,10,10
SEAT,IBIZA,DFF,10,9
SAAB,9-3,B,10,6
RENAULT,LAGUNA,DFB,10,8
RENAULT,LAGUNA,DPB,10,8
FIAT,PUNTO,B,10,6
LANDROVER,RANGE ROVER,DPBV,10,10
SKODA,FABIA,F,10,6
AUDI,A8,DFF,10,10
AUDI,A8,DPF,10,10
AUDI,A8,SFB1,10,10
TOYOTA,RAV,SFB1,10,10
CITROEN TRUCKS,JUMPY,SFB1,10,8
PEUGEOT TRUCKS,EXPERT,SFB1,10,8
KIA,SPORTAGE,B,10,10
RENAULT,MEGANE,DFBV,10,9
KIA,RIO,F,10,10
BMW,MINI COOPER/CLUBMAN,F,10,8
BMW,X3,SFB1,10,10
BMW,X3,SPB1,10,10
MERCEDES TRUCKS,VITO,SFB1,10,10
HONDA,CR-V,DFF,10,9
PEUGEOT TRUCKS,PARTNER,SFB1,10,10
VOLVO,S 80,DFF,10,10
TOYOTA,PRIUS,DFF,10,9
TOYOTA,PRIUS,DFB,10,7
TOYOTA,PRIUS,B,10,10
TOYOTA,YARIS,DPF,10,9
BMW,X4,F,10,10
BMW,X5,B,10,8
BMW,X5,SPB1,10,9
BMW,1 SERIE,B,10,8
VW,BEETLE,F,10,6
KIA,CARENS,F,10,10
LEXUS,RX,B,10,10
OPEL,VIVARO,SFB2,10,10
RENAULT TRUCKS,TRAFFIC,SFB2,10,10
NISSAN,X-TRAIL,B,10,10
OPEL,COMBO,B,10,10
MAZDA,6,DPF,10,3
MITSUBISHI,OUTLANDER,SFB1,10,10
MAZDA,3,DFB,10,7
MAZDA,3,B,10,7
ALFA ROMEO,159,F,10,5
SSANGYONG,REXTON,B,10,6
CITROEN,C4,DFFV,10,9
CITROEN,C4,DFF,10,10
CITROEN,C4,SPB1,10,10
PEUGEOT,207,B,10,8
KIA,CEED,DPB,10,10
SSANGYONG,ACTYON,DFB,10,6
HYUNDAI,I30,B,10,10
HYUNDAI,I30,SFB1,10,10
PEUGEOT,308,DFF,10,7
PEUGEOT,308,DPF,10,7
PEUGEOT,308,DFB,10,10
PEUGEOT,308,DPB,10,10
SKODA,SUPERB,DFB,10,10
FORD,KUGA,SPB1,10,10
VOLVO,XC 60,SFB1,10,7
VOLVO,V60,B,10,7
PEUGEOT,208,B,10,6
JAGUAR,XF-SERIE,SFB1,10,10
VW,PASSAT,DPBV,10,8
MERCEDES,SERIE W246 (B-KLASSE),F,10,10
MERCEDES,SERIE W167 (GLE-KLASSE),F,10,10
MERCEDES,EQE (V295-X294),F,10,10
TESLA,N/A,SFB1,10,5
TESLA,N/A,SPB1,10,5
AUDI,E-TRON,SPB1,10,10
AC COBRA,N/A,F,10,5
USA CARS,CADILLAC,SFB1,10,10
AUDI,80,F,9,6
TOYOTA TRUCKS,DYNA,F,9,7
OPEL,KADETT,F,9,5
LANDROVER,DEFENDER,F,9,9
VOLVO,740_760-80 SERIE,F,9,3
MITSUBISHI TRUCKS,L-200 PICK UP,F,9,9
OPEL,ASTRA,F,9,7
VOLVO TRUCKS,FM LASTEVOGN,F,9,9
KIA,SPORTAGE,F,9,9
MITSUBISHI,COLT,DPF,9,7
MITSUBISHI,LANCER,DFBV,9,9
OPEL,KADETT,B,9,9
TOYOTA,LANDCRUISER,DFF,9,9
TOYOTA,LANDCRUISER,DPF,9,9
MITSUBISHI,GALANT,DPF,9,6
MITSUBISHI,GALANT,DFB,9,9
MITSUBISHI,GALANT,B,9,9
VOLVO,V90,SFB1,9,9
FIAT,UNO,DPF,9,9
JAGUAR,XJ SERIE,B,9,9
BMW,7 SERIE,DPF,9,9
BMW,7 SERIE,DFB,9,9
BMW,7 SERIE,DPB,9,9
PEUGEOT,405,DFB,9,6
PEUGEOT,405,DPB,9,6
PEUGEOT,405,DPBV,9,6
FORD,KA,F,9,7
TOYOTA TRUCKS,HI-LUX,B,9,7
VOLVO,V90,SPB1,9,9
FORD,ESCORT,SPB1,9,9
VW TRUCKS,TRANSPORTER,SFB2,9,9
NISSAN,PRIMERA,B,9,9
RENAULT,CLIO,DFBV,9,8
SEAT,IBIZA,DPF,9,8
SAAB,9-3,SPB1,9,7
VW,CADDY,DPF,9,6
RENAULT,LAGUNA,SPB1,9,9
TOYOTA,RAV,DFF,9,9
TOYOTA,RAV,DPF,9,9
TOYOTA,RAV,DFB,9,9
TOYOTA,RAV,DPB,9,9
BMW,4 SERIE,B,9,9
RENAULT,MEGANE,DPBV,9,8
AUDI,A3,DPF,9,9
SKODA,OCTAVIA,DFBV,9,9
SKODA,OCTAVIA,DPBV,9,9
FIAT,STILO,F,9,6
VOLVO,S 80,SFB1,9,5
SEAT,LEON,DPB,9,9
VOLVO,XC 90,F,9,9
VOLVO,XC 70,DPB,9,9
VW,TOURAN,F,9,9
MERCEDES,SERIE W203,DFB,9,9
MERCEDES,SERIE W203,B,9,5
HYUNDAI,SANTA FE,B,9,8
FORD TRUCKS,TRANSIT,SPB1,9,9
SUBARU,OUTBACK,F,9,9
PEUGEOT,407,F,9,7
PORSCHE,CAYENNE 5D,DFF,9,9
MAZDA,6,DFF,9,3
VW,TOURAN,B,9,9
VW TRUCKS,TRANSPORTER,DFB,9,9
TOYOTA,PRIUS,DPFV,9,8
OPEL,CORSA,DFFV,9,7
ISUZU,D-MAX PICK UP,DPB,9,9
FIAT,500,SFB1,9,9
ISUZU,D-MAX PICK UP,F,9,5
SKODA,SUPERB,DFF,9,5
FORD,KUGA,SFB1,9,9
MERCEDES,CITAN (W415/420),B,9,9
VOLVO,XC 60,DFB,9,6
JAGUAR,XF-SERIE,F,9,9
SKODA,SUPERB,SPB1,9,9
KIA,SOUL,F,9,7
AUDI,A1,B,9,9
AUDI,A1,SFB1,9,9
AUDI,A1,SPB1,9,9
PEUGEOT,508,DFB,9,8
AUDI,Q3,SFB1,9,9
USA CARS,CHEVROLET,DPBV,9,9
MERCEDES,SERIE W213 (E-CLASS),B,9,9
MERCEDES,SERIE W166 (M-KLASSE),F,9,9
HYUNDAI,KONA,F,9,9
MERCEDES,SERIE W177 (A-KLASSE),F,9,9
MERCEDES,EQS,F,9,9
CITROEN TRUCKS,JUMPER,SFB1,9,9
FIAT TRUCKS,DUCATO,SFB1,9,9
PEUGEOT TRUCKS,BOXER,SFB1,9,9
OPEL,ASCONA,B,9,6
MERCEDES,SERIE W123,F,9,5
AUDI,E-TRON,B,9,9
AUDI,E-TRON,DPB,9,9
USA CARS,FORD,DPBV,9,9
USA CARS,CADILLAC,DPBV,9,9
HONDA,PRELUDE,F,8,8
NISSAN,PATROL,F,8,5
SKODA,RAPID,F,8,5
PEUGEOT,205,F,8,4
PEUGEOT,405,F,8,4
VOLVO,V90,F,8,8
SEAT,TOLEDO,F,8,8
CITROEN TRUCKS,JUMPER,F,8,8
PEUGEOT TRUCKS,BOXER,F,8,8
VW TRUCKS,LT-35,F,8,8
MITSUBISHI,LANCER,DPBV,8,8
OPEL,KADETT,DFBV,8,8
TOYOTA,LANDCRUISER,DFB,8,8
TOYOTA,LANDCRUISER,DPB,8,8
MITSUBISHI,GALANT,DFF,8,6
TOYOTA,STARLET,DFF,8,7
FIAT,UNO,DFF,8,8
VW,SANTANA,B,8,5
PEUGEOT,309,B,8,4
OPEL,OMEGA,B,8,8
FORD,SIERRA,DFF,8,5
PEUGEOT,405,DFBV,8,5
BMW,3 SERIE,DFFV,8,8
MAZDA,626,SFB1,8,8
TOYOTA TRUCKS,HI-LUX,DPF,8,7
VW TRUCKS,TRANSPORTER,SPB2,8,8
RENAULT,CLIO,SPB1,8,8
NISSAN,MICRA,DFF,8,8
NISSAN,MICRA,DPF,8,8
SAAB,9-3,DFF,8,5
SAAB,9-3,DPF,8,5
VW,CADDY,DFF,8,5
SEAT,IBIZA,DFB,8,7
SAAB,900,SFB1,8,8
SUBARU,IMPREZA,DFB,8,7
SUBARU,IMPREZA,DPB,8,7
AUDI,A8,SPB1,8,8
VW,POLO,DPB,8,7
TOYOTA,RAV,SPB1,8,8
HYUNDAI,ACCENT,DFF,8,6
HYUNDAI,ACCENT,DPF,8,6
MERCEDES TRUCKS,SPRINTER,DFF,8,5
FORD,GALAXY,DPB,8,8
FORD,GALAXY,B,8,8
TOYOTA,RAV,DFBV,8,8
BMW,X1,B,8,6
BMW,X3,B,8,8
BMW,X3,DFF,8,8
SEAT,EXEO,F,8,4
AUDI,A3,DFF,8,8
RENAULT,ESPACE,SPB1,8,8
RENAULT,MEGANE,DPFV,8,8
PEUGEOT TRUCKS,PARTNER,DPB,8,8
FIAT TRUCKS,SKUDO,B,8,8
DAEWOO (CHEVROLET),NUBIRA,DFB,8,4
DAEWOO (CHEVROLET),NUBIRA,DPB,8,4
SUBARU,FORESTER,DFB,8,8
SUBARU,FORESTER,DPB,8,8
OPEL,MOVANO,B,8,8
SKODA,OCTAVIA,SFB1,8,8
SEAT,LEON,DFB,8,8
LEXUS,IS,DFB,8,5
BMW,X3,DFB,8,8
TOYOTA,YARIS,DPB,8,7
BMW,Z4,F,8,8
OPEL,MERIVA,F,8,8
BMW,X5,SFB1,8,7
VOLVO,S60,DFB,8,6
VOLVO,S60,DPB,8,6
HYUNDAI,SANTA FE,DFB,8,8
HYUNDAI,SANTA FE,DPB,8,8
CITROEN,C5,DFF,8,4
CITROEN,C5,DPB,8,8
CITROEN,C5,B,8,8
CITROEN,C3,DFF,8,7
CITROEN,C3,DPF,8,7
CITROEN,C3,DPB,8,7
NISSAN,X-TRAIL,DFB,8,8
NISSAN,X-TRAIL,SPB1,8,8
HONDA,JAZZ,DFF,8,8
FIAT,DOBLO,B,8,8
MERCEDES,SERIE W209,SFB1,8,4
MERCEDES,SERIE W211 (2002-2009),B,8,8
PORSCHE,CAYENNE 5D,DPF,8,8
VW,TOUAREG,DFB,8,8
VW,TOUAREG,DPB,8,8
VW,TOUAREG,SFB1,8,8
VW,TOUAREG,B,8,8
MAZDA,6,DFBV,8,6
MAZDA,6,DPBV,8,6
VW,TOURAN,SFB1,8,8
MERCEDES,SERIE W211 (2002-2009),SFB1,8,4
MERCEDES,SERIE W211 (2002-2009),SPB1,8,4
MAZDA,3,DPB,8,5
BMW,6 SERIE,B,8,8
VW,CADDY,SFB3,8,8
AUDI,Q7,F,8,8
SSANGYONG,REXTON,DFB,8,5
SSANGYONG,REXTON,DPB,8,5
VW,JETTA,DFFV,8,7
CITROEN,C1,DFB,8,8
SEAT,LEON,SFB1,8,8
SEAT,LEON,SPB1,8,8
VW TRUCKS,CRAFTER VAREBIL,F,8,8
MERCEDES,SERIE W251,DFB,8,8
TOYOTA TRUCKS,PROACE,SPB1,8,8
KIA,CEED,DPF,8,5
NISSAN,QASHQAI,B,8,8
NISSAN,QASHQAI,SFB1,8,8
JAGUAR,XF-SERIE,DFB,8,8
JAGUAR,XF-SERIE,DPB,8,8
OPEL,INSIGNIA,DFB,8,6
OPEL,INSIGNIA,DPB,8,6
PEUGEOT,3008,DFF,8,8
PEUGEOT,3008,DFB,8,8
VOLVO,V60,DFF,8,5
VOLVO,V60,DPF,8,5
DACIA,LOGAN,F,8,5
VOLVO,V60,SFB1,8,7
VOLVO,V60,SPB1,8,7
PEUGEOT,508,DPF,8,5
PEUGEOT,508,DPB,8,7
AUDI,Q3,B,8,8
HYUNDAI,IX20,F,8,8
KIA,VENGA,F,8,8
MERCEDES,EQV (W447),F,8,5
FORD,FOCUS,DFBV,8,8
HYUNDAI,IONIQ,B,8,8
MERCEDES,SERIE GLB X247,F,8,8
SKODA,KODIAQ,F,8,8
OPEL,ASCONA,DFF,8,5
TESLA,N/A,DFF,8,4
TESLA,N/A,DPF,8,4
AUDI,E-TRON,F,8,8
AIXAM,N/A,F,8,4
MOTORHOMES,DETHLEFFS,F,8,8
ALFA ROMEO,ALFETTA,F,7,7
AUDI,100,F,7,4
OPEL,COMMODORE,F,7,7
VW,GOLF,N/A,7,4
NISSAN,MAXIMA QX,F,7,7
LEXUS,LS,F,7,7
TOYOTA,CELICA,DFF,7,7
TOYOTA,CELICA,DPF,7,7
MITSUBISHI,COLT,DFF,7,6
OPEL,KADETT,DPBV,7,7
OPEL,KADETT,SFB1,7,7
OPEL,KADETT,SPB1,7,7
TOYOTA,STARLET,B,7,4
MERCEDES,SERIE W124,B,7,4
OPEL,CORSA,DPB,7,6
VOLVO,V90,B,7,7
NISSAN,SUNNY,DFF,7,5
NISSAN,SUNNY,DPF,7,5
NISSAN,SUNNY,B,7,6
FORD,SIERRA,B,7,5
FORD,SIERRA,DPF,7,4
FORD,SIERRA,SFB1,7,7
FORD,SIERRA,SPB1,7,7
MAZDA,626,SPB1,7,7
MERCEDES,SERIE W208,F,7,7
TOYOTA TRUCKS,HI-LUX,DFF,7,6
VW,BORA,F,7,7
TOYOTA TRUCKS,HI-ACE,B,7,7
TOYOTA TRUCKS,HI-ACE,DFF,7,7
TOYOTA TRUCKS,HI-ACE,DPF,7,7
RENAULT,KANGOO,F,7,7
MITSUBISHI TRUCKS,L-200 PICK UP,DFF,7,7
MITSUBISHI TRUCKS,L-200 PICK UP,DPF,7,7
NISSAN,PRIMERA,DFBV,7,4
NISSAN,PRIMERA,DPBV,7,4
RENAULT,CLIO,DPBV,7,6
MERCEDES TRUCKS,ATEGO,F,7,7
PEUGEOT,306,B,7,5
SAAB,900,DFB,7,4
SAAB,900,DPB,7,4
SAAB,900,SPB1,7,7
HONDA,HR-V,F,7,5
HONDA,ACCORD,SPB1,7,7
SAAB,9-3,SFB1,7,5
RENAULT,LAGUNA,DFF,7,4
RENAULT,LAGUNA,SFB1,7,7
SUBARU,IMPREZA,DPF,7,6
MERCEDES TRUCKS,SPRINTER,DPF,7,4
FORD,GALAXY,DFFV,7,7
VW,SHARAN,SFB1,7,7
FORD,GALAXY,SPB1,7,7
KIA,SPORTAGE,DFF,7,7
KIA,SPORTAGE,DFB,7,7
NISSAN,ALMERA,B,7,5
NISSAN,ALMERA,DFF,7,6
NISSAN,ALMERA,DPF,7,6
BMW,4 SERIE,DFF,7,7
BMW,X1,DPB,7,5
BMW,5 SERIE,DFFV,7,7
BMW,5 SERIE,DPFV,7,7
BMW,X3,DPF,7,7
VW,CADDY,SPB2,7,5
MERCEDES TRUCKS,VITO,SFB2,7,7
LEXUS,RX,F,7,7
HONDA,CR-V,DPF,7,6
HONDA,CR-V,SPB1,7,7
SKODA,OCTAVIA,DPB,7,7
PEUGEOT TRUCKS,PARTNER,SPB1,7,7
RENAULT,ESPACE,DFB,7,7
SUBARU,FORESTER,SFB1,7,7
TOYOTA TRUCKS,HI-LUX,DFB,7,7
MERCEDES,SERIE W209,F,7,7
AUDI,TT,DFF,7,7
AUDI,TT,B,7,6
TOYOTA,PRIUS,DPF,7,6
AUDI,A3,DFB,7,7
AUDI,A3,DPB,7,7
SKODA,FABIA,DFF,7,4
SKODA,FABIA,DPF,7,4
BMW,X3,DPB,7,7
BMW,1 SERIE,DFF,7,6
BMW,1 SERIE,DFB,7,7
BMW,1 SERIE,DPF,7,6
VOLVO,S60,DFF,7,4
VOLVO,S60,DPF,7,4
MERCEDES,SERIE W203,DPB,7,7
KIA,RIO,B,7,7
SKODA,FABIA,DFFV,7,7
RENAULT,LAGUNA,DFFV,7,7
LEXUS,RX,DFB,7,7
LEXUS,RX,DPB,7,7
MERCEDES,SERIE W203,SFB1,7,4
MERCEDES,SERIE W203,SPB1,7,4
VOLVO,V50,F,7,5
OPEL,VIVARO,SFB3,7,7
RENAULT TRUCKS,TRAFFIC,SFB3,7,7
OPEL,VIVARO,SPB3,7,7
RENAULT TRUCKS,TRAFFIC,SPB3,7,7
CITROEN,C3,DFFV,7,6
CITROEN,C3,DPFV,7,6
CITROEN,C3,SFB1,7,7
CITROEN,C3,SPB1,7,7
HONDA,JAZZ,DFB,7,7
HONDA,JAZZ,DPB,7,7
TOYOTA,COROLLA,DFFV,7,7
MERCEDES,SERIE W211 (2002-2009),DFB,7,7
MERCEDES,SERIE W211 (2002-2009),DFBV,7,7
SAAB,9-3,DFFV,7,4
SCANIA TRUCKS,R-SERIE,F,7,7
VW,TOUAREG,DPF,7,7
KIA,SORENTO,B,7,7
VOLVO,XC 90,DFBV,7,7
VOLVO,XC 90,SPB1,7,7
OPEL,MERIVA,SPB1,7,7
MITSUBISHI,OUTLANDER,DFB,7,7
MITSUBISHI,OUTLANDER,DPB,7,7
VW TRUCKS,TRANSPORTER,DPB,7,7
KIA,PICANTO,B,7,5
SUBARU,OUTBACK,B,7,7
SUBARU,OUTBACK,SPB1,7,7
CITROEN,C4,DPF,7,7
MAZDA,5,B,7,6
VW,JETTA,DPFV,7,6
RENAULT,CLIO,DFFV,7,6
PEUGEOT TRUCKS,TRAVELLER,B,7,7
TOYOTA TRUCKS,PROACE,SFB1,7,7
FORD,S-MAX,SFB1,7,7
FORD,S-MAX,SPB1,7,7
VW TRUCKS,CRAFTER PICK-UP,B,7,7
OPEL,CORSA,DPFV,7,5
PORSCHE,CAYMAN,F,7,7
NISSAN,QASHQAI,DPB,7,7
NISSAN,QASHQAI,SPB1,7,7
AUDI,A5,DFF,7,7
FORD,KUGA,B,7,7
AUDI,Q5,B,7,7
OPEL,INSIGNIA,DFF,7,3
OPEL,INSIGNIA,DPF,7,3
OPEL,INSIGNIA,DFFV,7,5
PEUGEOT,308,SPB1,7,4
PEUGEOT,5008,DFF,7,7
PEUGEOT,3008,DPF,7,7
PEUGEOT,3008,B,7,7
SKODA,SUPERB,DFBV,7,7
VOLVO,V60,DPBV,7,6
AUDI,Q3,DPB,7,7
TOYOTA,VERSO,F,7,7
SKODA,YETI,F,7,7
ISUZU,D-MAX PICK UP,DFB,7,7
AUDI,A1,F,7,7
VW,AMAROK,F,7,6
FORD,C-MAX,F,7,7
AUDI,Q3,F,7,7
MAZDA,CX 5,F,7,7
HYUNDAI,IONIQ,F,7,6
HYUNDAI,IONIQ,DPB,7,7
JAGUAR,E-PACE,F,7,7
MERCEDES,EQV (W447),B,7,7
PORSCHE,PANAMERA,DFB,7,7
OPEL,ASCONA,DPF,7,4
AUDI,E-TRON,DFB,7,7
AUDI,E-TRON,SFB1,7,7
MERCEDES,GELANDEWAGEN,F,7,7
USA CARS,CADILLAC,SPB1,7,7
USA CARS,FORD,DFBV,7,7
USA CARS,CADILLAC,DFBV,7,7
VOLVO TRUCKS,616,F,6,6
MAZDA,RX-7,F,6,6
CITROEN TRUCKS,C25,F,6,2
MITSUBISHI,SPACE WAGON,F,6,6
TOYOTA,CARINA,F,6,6
TOYOTA,MR2,F,6,6
CITROEN,AX,F,6,3
FIAT,FIORINO,F,6,6
MAZDA,MX-5,F,6,6
HYUNDAI,SONATA,F,6,6
CITROEN,ZX,F,6,2
VW,VENTO,F,6,6
FORD,SCORPIO,F,6,2
RENAULT,TWINGO,F,6,6
SKODA,FELICIA,F,6,2
HONDA,CIVIC,DFBV,6,6
SAAB,9000,B,6,4
OPEL,KADETT,DFB,6,6
OPEL,KADETT,DPB,6,6
MITSUBISHI,SPACE WAGON,SFB1,6,6
VOLVO,V40,F,6,6
MITSUBISHI,GALANT,DPB,6,6
NISSAN,BLUEBIRD,B,6,4
TOYOTA,STARLET,DPF,6,6
FORD,SCORPIO,DFF,6,2
FORD,SCORPIO,DFB,6,2
FORD,SCORPIO,DPB,6,2
FORD,SCORPIO,SPB1,6,6
MAZDA,323,SPB1,6,6
MAZDA,323,DFBV,6,5
MAZDA,323,DPBV,6,5
CITROEN,BX,B,6,6
MITSUBISHI,LANCER,SFB1,6,6
BMW,7 SERIE,DFBV,6,6
FORD,SIERRA,DFB,6,5
CITROEN,AX,B,6,3
PEUGEOT,405,DFF,6,3
PEUGEOT,405,DPF,6,3
HONDA,PRELUDE,DFF,6,6
HONDA,PRELUDE,DPF,6,6
PEUGEOT,405,SFB1,6,3
PEUGEOT,405,SPB1,6,3
RENAULT,R19,B,6,3
VW,POLO,DFFV,6,3
HYUNDAI,SONATA,DFB,6,6
SAAB,9-3,DFB,6,4
SAAB,9-3,DPB,6,4
HONDA,ACCORD,SFB1,6,6
RENAULT,LAGUNA,DPF,6,3
SUBARU,IMPREZA,SFB1,6,6
SUBARU,IMPREZA,SPB1,6,6
FIAT,PUNTO,DFF,6,6
FIAT,PUNTO,DPF,6,6
JAGUAR,S-TYPE,F,6,6
NISSAN,PATHFINDER,SFB1,6,6
KIA,CARNIVAL,F,6,6
VW,POLO,DFB,6,5
VW,POLO,DFBV,6,5
SKODA,FELICIA,DFF,6,2
SKODA,FELICIA,DPF,6,2
MERCEDES TRUCKS,SPRINTER,DPFV,6,4
MERCEDES,SERIE W210,B,6,6
FORD,GALAXY,DFB,6,6
MAN,TG-A L,F,6,6
MAN,TGM C-L-LX,F,6,6
BMW,4 SERIE,SFB1,6,6
BMW,4 SERIE,SPB1,6,6
MAN,TG-A XL,F,6,6
ALFA ROMEO,147,F,6,3
MERCEDES,SERIE W208,DPF,6,6
TOYOTA,LANDCRUISER,SFB1,6,6
TOYOTA,LANDCRUISER,SPB1,6,6
RENAULT,ESPACE,SFB1,6,6
SKODA,OCTAVIA,DFF,6,3
SKODA,OCTAVIA,DPF,6,3
CITROEN TRUCKS,BERLINGO,SPB1,6,4
CITROEN TRUCKS,BERLINGO,DPB,6,4
LEXUS,LS,DFB,6,6
RENAULT TRUCKS,TRAFFIC,SPB2,6,6
FORD,KA,B,6,6
NISSAN TRUCKS,PRIMASTAR,F,6,6
MAZDA,626,DPBV,6,6
DAEWOO (CHEVROLET),NUBIRA,SFB1,6,4
LEXUS,GS,B,6,5
LANDROVER,FREELANDER,DFFV,6,5
HYUNDAI,H1,DFFV,6,6
NISSAN,PATROL,DFB,6,3
NISSAN,PATROL,DPBV,6,3
SKODA,OCTAVIA,SPB1,6,6
TOYOTA,YARIS,SPB1,6,6
TOYOTA,LANDCRUISER,DFFV,6,6
LANDROVER,DEFENDER,DFF,6,6
LANDROVER,DEFENDER,SFB1,6,6
BMW,COUNTRYMAN,F,6,6
BMW,X5,DFF,6,5
BMW,X5,DFBV,6,5
BMW,X5,DPF,6,5
BMW,X6,DFB,6,6
BMW,X6,DFBV,6,6
BMW,X6,DPB,6,6
BMW,X6,DPBV,6,6
FORD TRUCKS,RANGER,B,6,6
VOLVO,XC 70,B,6,6
MERCEDES,SERIE W203,DPF,6,3
SMART,ROADSTER,F,6,3
HYUNDAI,SANTA FE,DFF,6,6
HYUNDAI,SANTA FE,DPF,6,6
HYUNDAI,SANTA FE,SFB1,6,6
KIA,RIO,DFB,6,6
KIA,RIO,DPB,6,6
CITROEN,C5,DPF,6,3
LEXUS,RX,DFFV,6,6
LEXUS,RX,DPFV,6,6
LEXUS,RX,DFF,6,6
PEUGEOT,307,B,6,5
NISSAN TRUCKS,PRIMASTAR,SFB2,6,6
NISSAN TRUCKS,PRIMASTAR,SFB3,6,6
NISSAN TRUCKS,PRIMASTAR,B,6,6
NISSAN,X-TRAIL,SFB1,6,6
HONDA,JAZZ,SFB1,6,6
HONDA,JAZZ,B,6,6
FIAT,DOBLO,SPB1,6,6
KIA,PICANTO,F,6,5
FORD TRUCKS,TRANSIT,SFB2,6,6
MERCEDES,SERIE W211 (2002-2009),DFF,6,3
MERCEDES,SERIE W211 (2002-2009),DPF,6,3
VW,TOUAREG,DFF,6,6
VW,TOUAREG,SPB1,6,6
RENAULT,MODUS,F,6,3
KIA,SORENTO,SFB1,6,6
VOLVO,XC 90,DFF,6,6
VOLVO,XC 90,DPF,6,6
VOLVO,XC 90,DFB,6,6
VOLVO,XC 90,DPB,6,6
VOLVO,XC 90,B,6,6
MAZDA,6,SFB1,6,6
MAZDA,6,SPB1,6,6
VW,TOURAN,DFB,6,6
VW,TOURAN,DPB,6,6
VW TRUCKS,TRANSPORTER,DFFV,6,6
MAZDA,3,DFF,6,3
MAZDA,3,DPF,6,3
MAZDA,3,SPB1,6,5
TOYOTA,PRIUS,DFFV,6,5
MITSUBISHI,LANCER,DPFV,6,4
MERCEDES TRUCKS,VIANO,B,6,6
KIA,PICANTO,DFB,6,4
KIA,PICANTO,DPB,6,4
CITROEN,C1,F,6,3
PEUGEOT,407,DFF,6,4
PEUGEOT,407,DPF,6,4
VW,JETTA,DFB,6,6
VW,JETTA,DPB,6,6
CITROEN,C1,B,6,3
CITROEN,C1,DPB,6,6
CITROEN TRUCKS,BERLINGO,SFB2,6,3
TOYOTA,YARIS,DFFV,6,4
AUDI,Q7,B,6,6
FORD,S-MAX,DPF,6,6
CITROEN,C-CROSSER,F,6,6
PEUGEOT,4007,F,6,6
KIA,CEED,DFF,6,4
FORD TRUCKS,RANGER,DFB,6,6
FORD TRUCKS,RANGER,DPB,6,6
MITSUBISHI,OUTLANDER,SPB1,6,6
NISSAN,QASHQAI,DFB,6,6
MERCEDES,SERIE W204,DFB,6,3
MERCEDES,SERIE W204,DPB,6,3
MERCEDES,SERIE W204,DFFV,6,3
MERCEDES,SERIE W204,DPFV,6,3
MERCEDES,SERIE W204,B,6,3
FIAT TRUCKS,SKUDO,SPB1,6,6
HYUNDAI,I30,DPB,6,4
ISUZU,D-MAX PICK UP,B,6,6
FIAT,500,B,6,6
SKODA,SUPERB,DPB,6,6
SKODA,SUPERB,DPFV,6,6
FORD,KUGA,DFF,6,6
FORD,KUGA,DPF,6,6
FORD,KUGA,DFB,6,6
FORD,KUGA,DPB,6,6
JAGUAR,XF-SERIE,B,6,6
AUDI,Q5,SPB1,6,6
VOLVO,XC 60,DFF,6,4
VOLVO,XC 60,DPF,6,4
KIA,SOUL,B,6,5
FORD,FIESTA,DPFV,6,6
HYUNDAI,I20,B,6,5
MERCEDES,CITAN (W415/420),F,6,6
MERCEDES,SERIE X204,F,6,6
NISSAN,NV 200,B,6,6
AUDI,A7,DFF,6,6
AUDI,A7,DFB,6,6
PEUGEOT,508,B,6,6
VW,UP,B,6,3
NISSAN,LEAF,DPBV,6,3
AUDI,R8,F,6,6
PEUGEOT,3008,F,6,6
PEUGEOT,5008,F,6,6
BENTLEY,CONTINENTAL,F,6,6
SKODA,RAPID,B,6,5
PEUGEOT TRUCKS,RIFTER,F,6,6
MERCEDES,SERIE W222/217 (S-KLASSE),B,6,6
MERCEDES,SERIE W205,B,6,6
NISSAN,JUKE,F,6,6
PEUGEOT,108,DFB,6,6
PEUGEOT,508,F,6,4
KIA,OPTIMA,F,6,4
MERCEDES,SERIE W213 (E-CLASS),DFB,6,6
MERCEDES,SERIE W213 (E-CLASS),DPB,6,6
SUBARU,XV,F,6,6
PEUGEOT,2008,F,6,6
FORD,B-MAX,F,6,6
VETERAN CARS (NOT USA),MORRIS,F,6,4
FORD,FOCUS,DPBV,6,6
HYUNDAI,IONIQ,DFB,6,6
MERCEDES,SERIE C218 CLS,F,6,6
MERCEDES,SERIE W118 (CLA),F,6,6
MERCEDES,SERIE W247 (B-KLASSE),SFB1,6,6
MERCEDES,GLA/EQA (H247),SFB1,6,6
MERCEDES,SERIE W247 (B-KLASSE),SPB1,6,6
MERCEDES,SERIE W167 (GLE-KLASSE),DFB,6,6
MERCEDES,SERIE W167 (GLE-KLASSE),DPB,6,6
MERCEDES,SERIE W206 (C-KLASS),DFBV,6,6
MERCEDES,SERIE W206 (C-KLASS),DPBV,6,6
MERCEDES,SERIE C254-X254 (GLC),F,6,6
VOLVO,140 SERIE,F,6,2
VOLVO,140 SERIE,SFB1,6,4
VOLVO,240 SERIE,SFB1,6,4
VOLVO,140 SERIE,SPB1,6,4
VOLVO,240 SERIE,SPB1,6,4
OPEL,VIVARO,DFB,6,6
OPEL,VIVARO,DPB,6,6
VOLVO,140 SERIE,DFF,6,2
VOLVO,240 SERIE,DFF,6,2
VOLVO,140 SERIE,DPF,6,2
VOLVO,240 SERIE,DPF,6,2
VOLVO,140 SERIE,DFB,6,2
VOLVO,140 SERIE,DPB,6,2
PEUGEOT TRUCKS,RIFTER,B,6,6
PORSCHE,PANAMERA,DPBV,6,6
OPEL,REKORD,B,6,6
SAAB,900,DFBV,6,3
SAAB,900,DPBV,6,3
VOLVO,300 SERIE,DFB,6,2
VOLVO,300 SERIE,DPB,6,2
VOLVO,300 SERIE,DPBV,6,2
VW,SANTANA,DFFV,6,3
FORD,ESCORT,DFBV,6,3
FORD,ESCORT,DPBV,6,3
SUBARU,SOLTERRA,F,6,6
VW,TOUAREG,N/A,6,6
AUDI,Q8,N/A,6,6
AUDI,Q4,F,6,6
AUDI,Q4,SFB1,6,6
PEUGEOT,205,B,6,3
CITROEN,BX,DFF,6,3
CITROEN,BX,DPF,6,3
CITROEN,BX,DFBV,6,3
CITROEN,BX,DPBV,6,3
VOLVO,XC 40,F,6,6
MASERATI,QUATTROPORTE/GHIBLI,F,6,6
MOTORHOMES,EURAMOBIL,F,6,6
MOTORHOMES,FRANKIA,F,6,3
MOTORHOMES,PILOTE,F,6,4
USA CARS,FORD,DFFV,6,6
USA CARS,FORD,DPFV,6,4
TOYOTA TRUCKS,TUNDRA,F,6,6
USA CARS,PONTIAC,F,6,6
USA CARS,BUICK,F,6,6
USA CARS,HUMMER,F,6,6
FIAT TRUCKS,DUCATO,DFFV,5,5
ALFA ROMEO,GUILETTA,F,5,5
NISSAN,CHERRY,F,5,3
ALFA ROMEO,ALFASUD,F,5,5
FIAT,PANDA,F,5,5
FORD,ORION,F,5,5
FORD,GRANADA,F,5,5
ISUZU,TROOPER JEEP,F,5,5
NISSAN,200 SX,F,5,5
MITSUBISHI TRUCKS,CANTER LASTEVOGN,F,5,5
HYUNDAI,ELANTRA,F,5,3
SEAT,INCA VAREBIL,F,5,5
KIA,SEPHIA,F,5,3
AUDI,100,B,5,5
HONDA,CIVIC,DPBV,5,5
MITSUBISHI,COLT,SFB1,5,4
MITSUBISHI,COLT,SPB1,5,4
MERCEDES,SERIE W124,DPF,5,2
MAZDA,323,SFB1,5,5
TOYOTA,CELICA,B,5,5
SSANGYONG,KORANDO,F,5,5
NISSAN TRUCKS,TERRANO,B,5,5
JAGUAR,XJ SERIE,DFF,5,5
JAGUAR,XJ SERIE,DPF,5,5
JAGUAR,XJ SERIE,DPB,5,4
OPEL,OMEGA,DFB,5,5
OPEL,OMEGA,DPB,5,5
OPEL,OMEGA,DFBV,5,5
NISSAN,SUNNY,DFB,5,3
NISSAN,SUNNY,DPB,5,3
AUDI,90,B,5,5
FORD,SIERRA,DPB,5,4
CITROEN,AX,DPF,5,5
ALFA ROMEO,SPIDER,F,5,5
FIAT,TIPO,B,5,5
HONDA,PRELUDE,SFB1,5,5
HONDA,PRELUDE,B,5,5
MITSUBISHI,GALANT,SFB1,5,5
SUBARU,JUSTY,B,5,5
FORD,PUMA,F,5,5
TOYOTA TRUCKS,HI-LUX,SFB1,5,5
TOYOTA TRUCKS,HI-LUX,SPB1,5,5
LANDROVER,FREELANDER,F,5,3
FORD,ORION,DFF,5,5
FORD,ORION,DPF,5,5
FORD,ORION,DFB,5,5
FORD,ORION,DPB,5,5
MERCEDES,SERIE W163,F,5,5
HYUNDAI,H1,F,5,5
HYUNDAI,ELANTRA,DFF,5,3
HYUNDAI,ELANTRA,DPF,5,3
HYUNDAI,ELANTRA,DFB,5,4
HYUNDAI,ELANTRA,DPB,5,4
HYUNDAI,ELANTRA,DFBV,5,4
HYUNDAI,ELANTRA,B,5,5
NISSAN,MICRA,DFB,5,5
NISSAN,MICRA,DPB,5,5
PEUGEOT,306,DFF,5,3
PEUGEOT,306,DPF,5,3
MITSUBISHI,GALANT,DFBV,5,5
SEAT,CORDOBA,DFF,5,3
SEAT,CORDOBA,DPF,5,3
OPEL,ASTRA,DFF,5,3
FIAT TRUCKS,DUCATO,DPF,5,5
MERCEDES,SERIE W215,F,5,5
HYUNDAI,ACCENT,DFB,5,3
HYUNDAI,ACCENT,DPB,5,3
CITROEN TRUCKS,JUMPY,DFF,5,4
PEUGEOT TRUCKS,EXPERT,DFF,5,4
FORD,GALAXY,DFF,5,5
VW,SHARAN,DPB,5,5
SEAT,ALHAMBRA,SFB1,5,5
TOYOTA,RAV,DPBV,5,5
BMW,IX (XDRIVE40-50),F,5,5
NISSAN,ALMERA,DFB,5,4
NISSAN,ALMERA,DPB,5,4
BMW,MINI COOPER/CLUBMAN,SFB1,5,5
BMW,MINI COOPER/CLUBMAN,SPB1,5,5
VOLVO,V40,SFB1,5,5
VOLVO,V40,SPB1,5,5
VW,CADDY,SPB1,5,4
MERCEDES TRUCKS,VITO,DFF,5,5
MERCEDES TRUCKS,VITO,DPF,5,5
MERCEDES,SERIE W208,B,5,5
CITROEN TRUCKS,BERLINGO,DFF,5,4
MITSUBISHI TRUCKS,L-200 PICK UP,DPB,5,5
LEXUS,LS,B,5,5
LEXUS,LS,DFF,5,5
LEXUS,LS,DPF,5,5
MITSUBISHI TRUCKS,L-200 PICK UP,DFFV,5,5
MITSUBISHI TRUCKS,L-200 PICK UP,DPFV,5,5
JAGUAR,X-TYPE,F,5,5
FORD,KA,DFF,5,5
RENAULT,ESPACE,DFF,5,5
MAZDA,626,DFBV,5,5
HONDA,JAZZ,F,5,5
CITROEN,XSARA,B,5,5
CITROEN,XSARA,DFB,5,5
CITROEN,XSARA,DPB,5,5
DAEWOO (CHEVROLET),NUBIRA,DFF,5,2
DAEWOO (CHEVROLET),NUBIRA,DPF,5,2
DAEWOO (CHEVROLET),NUBIRA,B,5,5
LANDROVER,FREELANDER,DFB,5,5
SUBARU,FORESTER,DFF,5,5
SUBARU,FORESTER,DPF,5,5
SUBARU,FORESTER,SPB1,5,5
LEXUS,GS,DFF,5,4
TOYOTA,STARLET,DPB,5,5
OPEL,SIGNUM,F,5,5
NISSAN,PATROL,B,5,3
SEAT,LEON,DFF,5,4
SEAT,LEON,DPF,5,4
TOYOTA,PRIUS,DPB,5,4
MERCEDES,SERIE W220,DFF,5,5
CITROEN,C8,F,5,5
PEUGEOT,807,F,5,5
MAZDA,6,N/A,5,2
HONDA,HR-V,B,5,4
KIA,CARNIVAL,SFB1,5,5
BMW,Z4,DFF,5,5
BMW,X5,DPBV,5,4
BMW,1 SERIE,DPB,5,5
BMW,1 SERIE,DPBV,5,5
BMW,X6,B,5,5
VOLVO,XC 70,SFB1,5,5
HYUNDAI,SANTA FE,SPB1,5,5
SKODA,FABIA,SFB1,5,5
DAEWOO (CHEVROLET),LACETTI,F,5,5
CITROEN,C5,SPB1,5,5
LEXUS,RX,DPF,5,5
PEUGEOT,307,DPF,5,4
OPEL,VIVARO,SPB1,5,5
OPEL,VIVARO,SPB2,5,5
HONDA,JAZZ,SPB1,5,5
FIAT,DOBLO,DFB,5,5
FIAT,DOBLO,SFB1,5,5
MERCEDES,SERIE W211 (2002-2009),DPB,5,5
HYUNDAI,TUCSON,F,5,5
KIA,SORENTO,DPF,5,5
KIA,SORENTO,DFB,5,5
KIA,SORENTO,DPB,5,5
VOLVO,XC 90,DPBV,5,5
VOLVO,XC 90,SFB1,5,5
OPEL,MERIVA,DFB,5,5
OPEL,MERIVA,SFB1,5,5
OPEL,MERIVA,B,5,5
VW,CADDY,SPB3,5,5
KIA,PICANTO,DFBV,5,3
KIA,PICANTO,DPBV,5,3
HYUNDAI,TUCSON,B,5,5
SSANGYONG,REXTON,DFF,5,3
SSANGYONG,REXTON,DPF,5,3
KIA,SPORTAGE,DPB,5,5
NISSAN TRUCKS,NAVARA,B,5,5
AUDI,Q7,DFB,5,5
HYUNDAI,SANTA FE,DPFV,5,4
PEUGEOT TRUCKS,TRAVELLER,F,5,5
PEUGEOT TRUCKS,TRAVELLER,DFB,5,5
TOYOTA TRUCKS,PROACE,DFB,5,5
PEUGEOT TRUCKS,TRAVELLER,DPB,5,5
TOYOTA TRUCKS,PROACE,DPB,5,5
PEUGEOT,207,DFF,5,5
FORD,S-MAX,B,5,5
FORD,S-MAX,DFFV,5,5
FORD,S-MAX,DPFV,5,5
VW TRUCKS,CRAFTER VAREBIL,DFFV,5,5
PORSCHE,BOXSTER,F,5,5
FORD TRUCKS,RANGER,DFF,5,5
MAZDA TRUCKS,BT-50,DFF,5,5
FORD TRUCKS,RANGER,DPF,5,5
MAZDA TRUCKS,BT-50,DPF,5,5
FIAT TRUCKS,SKUDO,SFB1,5,5
AUDI,A5,B,5,5
AUDI,A5,SFB1,5,5
AUDI,A5,SPB1,5,5
HYUNDAI,I30,DPF,5,4
HYUNDAI,H1,SFB2,5,5
BMW,X6,SFB1,5,5
BMW,X6,SPB1,5,5
AUDI,Q5,SFB1,5,5
DACIA,LOGAN,B,5,4
KIA,SOUL,DFB,5,4
KIA,SOUL,DPB,5,4
KIA,SOUL,SFB1,5,4
KIA,SOUL,SPB1,5,4
HYUNDAI,I20,DFB,5,5
HYUNDAI,I20,DPB,5,5
TOYOTA,VERSO,B,5,5
VW,CC,F,5,5
PEUGEOT,3008,SFB1,5,5
PEUGEOT,3008,SPB1,5,5
DAEWOO (CHEVROLET),CRUZE,DFB,5,5
DAEWOO (CHEVROLET),CRUZE,B,5,5
RENAULT,KOLEOS,F,5,5
SKODA,SUPERB,SFB1,5,5
PEUGEOT,5008,B,5,5
OPEL,COMBO,SPB1,5,5
DACIA,DUSTER,DFB,5,5
DACIA,DUSTER,DPB,5,5
DACIA,DUSTER,B,5,5
BMW,MINI PACEMAN,SPB1,5,5
DACIA,DUSTER,F,5,5
AUDI,A7,DPF,5,5
AUDI,A7,DPB,5,5
AUDI,A7,SFB1,5,5
AUDI,A7,SPB1,5,5
AUDI,A7,B,5,5
KIA,OPTIMA,B,5,5
HYUNDAI,I40,SFB1,5,5
AUDI,Q3,DFB,5,5
MERCEDES,SERIE W166 (M-KLASSE),DFF,5,5
NISSAN,LEAF,DFBV,5,3
MAZDA,CX 5,B,5,5
SUBARU,XV,B,5,5
PEUGEOT,2008,DFB,5,5
PEUGEOT,2008,DPB,5,5
JAGUAR,XF-SERIE,SPB1,5,5
RENAULT,CAPTUR,SFB1,5,5
MAZDA,CX 9,F,5,5
MERCEDES,SERIE W213 (E-CLASS),DFBV,5,5
MERCEDES,SERIE W213 (E-CLASS),DPBV,5,5
MERCEDES,SERIE W205,SFB1,5,5
MERCEDES,SERIE X253 (GLC),DFF,5,5
MERCEDES,SERIE X253 (GLC),DPB,5,5
MERCEDES,SERIE X253 (GLC),B,5,5
PEUGEOT,3008,DPB,5,5
HYUNDAI,I40,F,5,5
RENAULT,CAPTUR,F,5,5
JAGUAR,F-TYPE,F,5,5
FORD TRUCKS,TRANSIT,DFBV,5,5
HYUNDAI,KONA,B,5,4
MERCEDES,SERIE W167 (GLE-KLASSE),B,5,5
MERCEDES,SERIE X167(GLS),DFB,5,5
MERCEDES,SERIE X167(GLS),DPB,5,5
MERCEDES,EQA-B (W243),F,5,5
MERCEDES,SERIE W/C107 (SLC 280-500),F,5,5
RENAULT TRUCKS,MASTER,N/A,5,5
PEUGEOT,508,DPBV,5,5
PORSCHE,PANAMERA,DFBV,5,5
PORSCHE,PANAMERA,DPB,5,5
PORSCHE,CAYENNE 5D,DFFV,5,5
PORSCHE,CAYENNE 5D,DPFV,5,5
PORSCHE,TAYCAN (EL),F,5,5
PORSCHE,TAYCAN (EL),B,5,5
MERCEDES,SERIE W123,B,5,5
MERCEDES,SERIE W123,DPBV,5,5
OPEL,REKORD,DPF,5,3
VW TRUCKS,TRANSPORTER,DPFV,5,5
OPEL,ASCONA,DFB,5,5
OPEL,ASCONA,DPB,5,5
OPEL,ASCONA,DPBV,5,5
VOLVO,V90,DFB,5,5
VOLVO,V90,DPB,5,5
AUDI,Q4,DFB,5,5
AUDI,Q4,DPB,5,5
AUDI,Q4,SPB1,5,5
MOTORHOMES,BURSTNER,F,5,5
MOTORHOMES,NIESMANN BISCHOFF,F,5,4
TOYOTA,HIGHLANDER,F,5,5
FIAT,PANDA,B,4,4
FIAT TRUCKS,DUCATO,DFF,4,4
RENAULT,R12,F,4,4
VW,SANTANA,F,4,2
SCANIA TRUCKS,R 112 SERIE,F,4,4
SCANIA TRUCKS,R 142 SERIE,F,4,4
SCANIA TRUCKS,R 143 SERIE,F,4,4
SCANIA TRUCKS,R 145 SERIE,F,4,4
SCANIA TRUCKS,R 82 SERIE,F,4,4
VW,SCIROCCO,F,4,4
FORD,CAPRI,F,4,4
BMW,M3,F,4,4
NISSAN,PRAIRIE,F,4,4
VOLVO TRUCKS,F SERIE LASTVOGN,F,4,4
VOLVO TRUCKS,F12,F,4,4
VOLVO TRUCKS,GLOBETROTTER,F,4,4
RENAULT,5,F,4,2
LADA / TOGLIATTI,SAMARA,F,4,2
VOLVO TRUCKS,611,F,4,4
VOLVO TRUCKS,614,F,4,4
VOLVO TRUCKS,FL408,F,4,4
VOLVO TRUCKS,FL6,F,4,4
FIAT,CROMA,F,4,4
CITROEN,BX,F,4,2
FIAT,TEMPRA,F,4,2
FIAT,TIPO,F,4,4
ISUZU,CAMPO,F,4,2
PORSCHE,944,F,4,4
SKODA,FAVORIT,F,4,2
HYUNDAI,PONY,F,4,2
IVECO (FIAT) TRUCKS,IVECO LAST EURO CARGO,F,4,4
MERCEDES,SERIE W202 (1993-2001),F,4,2
FIAT,BRAVO,F,4,4
FIAT,MAREA,F,4,2
AUDI,100,SFB1,4,4
AUDI,100,SPB1,4,4
MITSUBISHI,SPACE WAGON,DPF,4,4
MITSUBISHI,SPACE WAGON,DFB,4,4
MITSUBISHI,SPACE WAGON,DPB,4,4
MITSUBISHI,SPACE WAGON,B,4,4
TOYOTA,LANDCRUISER,DFBV,4,4
TOYOTA,LANDCRUISER,DPBV,4,4
PEUGEOT,205,DFF,4,4
PEUGEOT,309,DFF,4,4
PEUGEOT,205,DPF,4,4
PEUGEOT,309,DPF,4,4
PEUGEOT,205,SFB1,4,4
MITSUBISHI,GALANT,DPBV,4,4
NISSAN,BLUEBIRD,DFF,4,2
NISSAN,BLUEBIRD,DPF,4,2
NISSAN,BLUEBIRD,DPB,4,3
TOYOTA,STARLET,SPB1,4,3
MERCEDES,SERIE W124,DFF,4,2
MERCEDES,SERIE W124,DPB,4,2
MERCEDES,SERIE W124,DFBV,4,2
MERCEDES,SERIE W124,DPBV,4,2
FORD,SCORPIO,SFB1,4,4
HONDA,ACCORD,DFFV,4,4
FIAT,UNO,SFB1,4,4
FIAT,UNO,SPB1,4,4
RENAULT TRUCKS,PREMIUM,F,4,4
OPEL,OMEGA,DFF,4,2
OPEL,OMEGA,DPF,4,2
OPEL,OMEGA,DPBV,4,4
OPEL,OMEGA,SFB1,4,4
OPEL,OMEGA,SPB1,4,4
BMW,7 SERIE,DPBV,4,4
NISSAN,SUNNY,DFBV,4,3
NISSAN,SUNNY,DPBV,4,3
AUDI,80,DFF,4,3
AUDI,80,DPF,4,3
AUDI,80,DFB,4,4
AUDI,80,DPB,4,4
AUDI,80,SFB1,4,4
AUDI,80,SPB1,4,4
AUDI,80,B,4,4
CITROEN,AX,DFF,4,4
FIAT,TEMPRA,DFF,4,2
FIAT,TIPO,DFF,4,4
DAIHATSU,CHARADE,B,4,2
VOLVO,400 SERIE,SFB1,4,2
SUBARU,JUSTY,DPF,4,4
SUBARU,JUSTY,DFB,4,4
SUBARU,JUSTY,DPB,4,4
OPEL,VECTRA,DFBV,4,4
FORD,FIESTA,DPB,4,3
FORD,FIESTA,DFBV,4,3
FORD,FIESTA,DPBV,4,3
ALFA ROMEO,156,F,4,2
NISSAN,MAXIMA QX,DFF,4,4
NISSAN,MAXIMA QX,DFB,4,4
NISSAN,MAXIMA QX,DPB,4,4
NISSAN,MAXIMA QX,DPBV,4,4
DAIHATSU,TERIOS,F,4,4
TOYOTA,PREVIA,B,4,4
TOYOTA,PREVIA,SFB2,4,4
AUDI,100,DFF,4,2
AUDI,100,DPF,4,2
HYUNDAI,SONATA,DFF,4,4
HYUNDAI,SONATA,DPF,4,4
VOLVO,V70,DPF,4,4
VW,VENTO,DPF,4,2
VW,VENTO,DFF,4,2
VW,VENTO,DFB,4,2
VW,VENTO,DPB,4,2
NISSAN TRUCKS,INTERSTAR,F,4,4
VW,VENTO,DFBV,4,2
VW,VENTO,DPBV,4,2
PEUGEOT,106,DPF,4,4
PEUGEOT,106,DFF,4,4
ALFA ROMEO,166,F,4,4
MITSUBISHI,SPACE STAR (MIRAGE),F,4,4
FIAT TRUCKS,MULTIPLA MINIVAN,F,4,4
SEAT,TOLEDO,B,4,4
MERCEDES,SERIE W220,F,4,4
OPEL,ASTRA,DPF,4,3
OPEL,ASTRA,SFB1,4,4
HONDA,CIVIC,DFFV,4,3
OPEL,COMBO,DFF,4,4
OPEL,COMBO,DPF,4,4
SEAT,CORDOBA,B,4,4
FIAT,PUNTO,SFB1,4,4
FIAT,PUNTO,SPB1,4,4
HYUNDAI,SONATA,B,4,4
NISSAN,PATHFINDER,B,4,4
SKODA,FAVORIT,B,4,2
SKODA,FAVORIT,DFF,4,3
SKODA,FAVORIT,DPF,4,3
HYUNDAI,ACCENT,DFBV,4,2
HYUNDAI,ACCENT,DPBV,4,2
CITROEN TRUCKS,EVASION,B,4,4
SKODA,FELICIA,DFB,4,2
SKODA,FELICIA,DPB,4,2
SKODA,FELICIA,DFBV,4,2
SKODA,FELICIA,DPBV,4,2
SKODA,FELICIA,B,4,2
MAZDA,MPV,F,4,4
MERCEDES,SERIE W210,DFF,4,2
MERCEDES,SERIE W210,DPF,4,2
VW,SHARAN,SPB1,4,4
SEAT,ALHAMBRA,B,4,4
PEUGEOT,406,B,4,4
NISSAN,ALMERA,DFBV,4,3
NISSAN,ALMERA,DPBV,4,3
BMW,X1,DPF,4,3
MITSUBISHI,CHARISMA,DFF,4,2
BMW,X2,F,4,4
BMW,MINI COOPER/CLUBMAN,B,4,4
BMW,MINI COOPER/CLUBMAN,DFF,4,4
VOLVO,V40,DFF,4,4
VOLVO,V40,DPF,4,4
SEAT,INCA VAREBIL,B,4,4
MERCEDES,SERIE W208,SFB1,4,4
JAGUAR,XK SERIE,DFF,4,4
JAGUAR,XK SERIE,DPF,4,4
HONDA,CR-V,DFBV,4,4
SSANGYONG,KORANDO,B,4,4
SSANGYONG,KORANDO,DFF,4,4
PEUGEOT TRUCKS,PARTNER,DFF,4,4
CITROEN TRUCKS,BERLINGO,DPF,4,3
ROVER,25,B,4,2
DAEWOO (CHEVROLET),NEXIA,B,4,2
VOLVO,V70,SFB1,4,4
RENAULT,ESPACE,DPF,4,4
SAAB,9-5,B,4,4
SAAB,9-5,DFB,4,4
SAAB,9-5,DPB,4,4
CITROEN,XSARA,DFF,4,3
CITROEN,XSARA,DPF,4,3
CITROEN,XSARA,SFB1,4,4
CITROEN,XSARA,SPB1,4,4
FIAT,DOBLO,F,4,4
DAEWOO (CHEVROLET),NUBIRA,SPB1,4,2
ISUZU,CAMPO,DPF,4,2
ISUZU,CAMPO,DFF,4,2
LANDROVER,FREELANDER,DFF,4,4
LANDROVER,FREELANDER,B,4,3
LEXUS,GS,DFB,4,3
LEXUS,GS,DPB,4,3
TOYOTA,STARLET,DFBV,4,3
TOYOTA,STARLET,DPBV,4,3
HYUNDAI,H1,DPFV,4,4
FIAT TRUCKS,DAILY,DPFV,4,2
FIAT TRUCKS,DAILY,DFF,4,2
FIAT TRUCKS,DAILY,DPF,4,2
NISSAN TRUCKS,INTERSTAR,B,4,4
AUDI,TT,SPB1,4,4
BMW,Z4,B,4,4
PEUGEOT,206,DFF,4,3
PEUGEOT,206,DPF,4,3
PEUGEOT,206,B,4,3
TOYOTA,LANDCRUISER,DPFV,4,4
LANDROVER,DEFENDER,B,4,4
VW,PHAETON,F,4,2
DAEWOO (CHEVROLET),MATIZ,B,4,4
LEXUS,IS,DPB,4,3
FORD,FUSION,F,4,4
BMW,COUNTRYMAN,B,4,4
BMW,COUNTRYMAN,DFB,4,4
BMW,COUNTRYMAN,DPB,4,4
BMW,X3,DFFV,4,4
BMW,X3,DPBV,4,4
KIA,CARNIVAL,DFB,4,4
KIA,CARNIVAL,B,4,4
BMW,X4,B,4,4
BMW,X4,DFB,4,4
BMW,X4,SFB1,4,4
BMW,X4,DFBV,4,4
BMW,X4,DPB,4,4
BMW,X4,SPB1,4,4
BMW,X4,DPBV,4,4
MERCEDES,SERIE W215,DFF,4,2
MERCEDES,SERIE W215,DPF,4,2
BMW,1 SERIE,DFBV,4,4
BMW,X6,DFF,4,4
OPEL,AGILA,DFFV,4,4
OPEL,AGILA,DPFV,4,4
MAZDA,RX-8,F,4,4
KIA,RIO,DFF,4,4
KIA,RIO,DPF,4,4
SUBARU,IMPREZA,DFF,4,4
LEXUS,RX,SFB1,4,4
LEXUS,RX,SPB1,4,4
MERCEDES,SERIE W203,DFBV,4,2
MERCEDES,SERIE W203,DPBV,4,2
PEUGEOT,307,DFF,4,3
MERCEDES,SERIE W203,N/A,4,1
PEUGEOT,307,SPB1,4,4
OPEL,VIVARO,DFF,4,4
OPEL,VIVARO,DPF,4,4
NISSAN,X-TRAIL,DFF,4,4
NISSAN,X-TRAIL,DPF,4,4
NISSAN,X-TRAIL,DPB,4,4
HONDA,JAZZ,DFFV,4,4
HONDA,JAZZ,DPFV,4,4
SMART,FORFOUR,F,4,4
MERCEDES,SERIE W209,DFF,4,2
MERCEDES,SERIE W209,B,4,2
KIA,SORENTO,DFF,4,4
KIA,SORENTO,SPB1,4,4
INFINITI,FX35/45,F,4,4
OPEL,MERIVA,DFFV,4,4
LEXUS,LS,DPB,4,4
VW,TOURAN,DFFV,4,4
VW,TOURAN,DFBV,4,4
MITSUBISHI,OUTLANDER,DFF,4,4
MITSUBISHI,OUTLANDER,DPF,4,4
KIA,CARENS,DFF,4,4
KIA,CARENS,B,4,4
MAZDA,5,F,4,4
MERCEDES,SERIE W164,F,4,4
BMW,6 SERIE,DFF,4,4
BMW,6 SERIE,DPF,4,4
BMW,6 SERIE,SFB1,4,4
BMW,6 SERIE,SPB1,4,4
MERCEDES TRUCKS,VIANO,SFB2,4,4
MERCEDES TRUCKS,VIANO,SPB2,4,4
VOLVO,V50,DFB,4,2
VOLVO,V50,DPB,4,2
VW,CADDY,SFB2,4,4
KIA,PICANTO,DFF,4,3
KIA,PICANTO,DPF,4,3
SUBARU,OUTBACK,DFB,4,4
SUBARU,OUTBACK,DPB,4,4
MERCEDES,SERIE W219,DFFV,4,4
PEUGEOT,407,DFFV,4,3
PEUGEOT,407,DFB,4,4
PEUGEOT,407,DPB,4,4
PEUGEOT,407,B,4,4
TOYOTA,COROLLA,DPFV,4,4
HYUNDAI,TUCSON,DFF,4,4
RENAULT,MODUS,DFFV,4,4
SSANGYONG,RODIUS,F,4,4
NISSAN,NOTE,F,4,4
SAAB,9-3,DPFV,4,2
MAZDA,5,SFB1,4,4
MAZDA,5,SPB1,4,4
CITROEN,C1,DFF,4,4
SSANGYONG,RODIUS,B,4,3
ALFA ROMEO,159,DFB,4,4
AUDI,Q7,DFF,4,4
AUDI,Q7,DPF,4,4
AUDI,Q7,SFB1,4,4
AUDI,Q7,SPB1,4,4
HYUNDAI,SANTA FE,DFFV,4,4
NISSAN,MICRA,DFFV,4,4
NISSAN,NOTE,DFB,4,4
NISSAN,NOTE,DPB,4,4
DAEWOO (CHEVROLET),CAPTIVA,DFB,4,4
OPEL,ANTARA,DFB,4,4
OPEL,ANTARA,SFB1,4,4
OPEL,ANTARA,B,4,4
PEUGEOT,207,SFB1,4,4
PEUGEOT,207,SPB1,4,4
SKODA,ROOMSTER,DFB,4,4
FORD,S-MAX,DFF,4,4
FORD,S-MAX,DFB,4,4
FORD,S-MAX,DPB,4,4
PEUGEOT,3008,N/A,4,4
PEUGEOT,5008,N/A,4,4
MERCEDES TRUCKS,SPRINTER,DPB,4,3
VW TRUCKS,CRAFTER VAREBIL,DPB,4,4
CITROEN TRUCKS,VISA,B,4,4
MAZDA TRUCKS,BT-50,DFB,4,4
MAZDA TRUCKS,BT-50,DPB,4,4
CITROEN,C-CROSSER,SFB1,4,4
CITROEN,C-CROSSER,SPB1,4,4
NISSAN,QASHQAI,DFF,4,4
NISSAN,QASHQAI,DPF,4,4
AUDI,A5,DPF,4,4
HYUNDAI,I30,DFF,4,4
MERCEDES,SERIE W204,SFB1,4,2
MERCEDES,SERIE W204,SPB1,4,2
MAZDA,6,DFFV,4,4
MAZDA,6,DPFV,4,4
PEUGEOT,308,DFFV,4,3
PEUGEOT,308,DPFV,4,3
RENAULT,LAGUNA,DPFV,4,4
HYUNDAI,I10,B,4,4
HYUNDAI,I10,DFB,4,4
JAGUAR,XF-SERIE,DFFV,4,4
RENAULT,KOLEOS,DFF,4,4
RENAULT,KANGOO,SPB2,4,4
AUDI,Q5,DFB,4,4
AUDI,Q5,DPB,4,4
HYUNDAI,I10,F,4,4
DACIA,LOGAN,SPB1,4,4
KIA,SOUL,DFF,4,3
KIA,SOUL,DPF,4,3
MERCEDES,SERIE X204,SFB1,4,4
FORD,FIESTA,DFFV,4,4
OPEL,INSIGNIA,DPFV,4,2
OPEL,INSIGNIA,SFB1,4,4
OPEL,INSIGNIA,SPB1,4,4
HYUNDAI,I20,DFF,4,4
HYUNDAI,I20,DPF,4,4
MERCEDES,SERIE W212,B,4,4
MERCEDES,SERIE W212,DFF,4,2
MERCEDES,SERIE W212,DPF,4,2
MERCEDES,SERIE W212,DFB,4,4
MERCEDES,SERIE W212,DPB,4,4
TOYOTA,VERSO,DPB,4,4
TOYOTA,VERSO,SPB1,4,4
BMW,X1,DFFV,4,4
SUBARU,LEGACY,DFFV,4,3
SUBARU,LEGACY,DFBV,4,4
SUBARU,LEGACY,DPBV,4,4
HYUNDAI,IX35,SFB1,4,4
VOLVO,S60,DPFV,4,2
PEUGEOT,5008,SFB1,4,4
PEUGEOT,5008,SPB1,4,4
OPEL,COMBO,SFB1,4,4
VW,AMAROK,B,4,4
VW,AMAROK,DFFV,4,4
DACIA,DUSTER,SFB1,4,4
DACIA,DUSTER,SPB1,4,4
DACIA,SANDERO,B,4,4
HYUNDAI,IX20,B,4,4
PEUGEOT,508,SFB1,4,4
PEUGEOT,508,SPB1,4,4
FORD,C-MAX,B,4,4
KIA,OPTIMA,DFB,4,4
KIA,OPTIMA,DPB,4,4
KIA,OPTIMA,DFBV,4,4
HYUNDAI,I40,DFB,4,4
HYUNDAI,I40,DPB,4,4
HYUNDAI,I40,B,4,4
MERCEDES,SERIE W166 (M-KLASSE),DPF,4,4
MERCEDES,SERIE W246 (B-KLASSE),SFB1,4,4
MERCEDES,SERIE W246 (B-KLASSE),SPB1,4,4
NISSAN,LEAF,DFFV,4,2
NISSAN,LEAF,DFB,4,2
NISSAN,LEAF,DPB,4,2
SUBARU,XV,DFBV,4,4
PEUGEOT,208,DFB,4,4
PEUGEOT,208,DPB,4,4
AUDI,A1,DFB,4,4
AUDI,A1,DPB,4,4
SKODA,RAPID,DFB,4,4
SKODA,RAPID,DPB,4,4
SKODA,RAPID,DFBV,4,4
SKODA,RAPID,DPBV,4,4
RENAULT,CAPTUR,B,4,4
SKODA,CITIGO,B,4,2
HYUNDAI,I10,DPBV,4,4
MERCEDES,SERIE W205,DFF,4,3
MERCEDES,SERIE W205,DPF,4,3
MERCEDES,SERIE W205,DPB,4,4
MITSUBISHI,ASX,F,4,4
PEUGEOT,4008,F,4,4
MAZDA,3,DFBV,4,2
MAZDA,3,DPBV,4,2
PEUGEOT,108,DPB,4,4
PEUGEOT,2008,SFB1,4,4
PEUGEOT,2008,SPB1,4,4
PEUGEOT,2008,B,4,4
JAGUAR,F-PACE,SFB1,4,4
JAGUAR,F-PACE,SPB1,4,4
NISSAN,LEAF,F,4,4
OPEL,MOKKA,F,4,4
SSANGYONG,TIVOLI_XLV,F,4,4
PORSCHE,MACAN,F,4,4
FIAT,FULLBACK,F,4,4
FIAT,TALENTO,F,4,4
MERCEDES,SERIE W110/111/112,F,4,4
FORD TRUCKS,TRANSIT,DPBV,4,4
HONDA,CR-V,N/A,4,4
HYUNDAI,IONIQ,DFF,4,4
HYUNDAI,IONIQ,DPF,4,4
HYUNDAI,KONA,SFB1,4,4
JAGUAR,I-PACE,F,4,4
KIA,EV9,F,4,4
MAXUS,E-DELIVER 9,F,4,4
USA CARS,CHRYSLER,DFBV,4,4
USA CARS,CHRYSLER,DPBV,4,4
VW,1300,F,4,4
MERCEDES,SERIE C238 2DR COUPE (E-CLASS),F,4,4
MERCEDES,SERIE W118 (CLA),DPBV,4,4
MERCEDES,SERIE W247 (B-KLASSE),F,4,4
MERCEDES,SERIE W247 (B-KLASSE),DFB,4,4
MERCEDES,SERIE W247 (B-KLASSE),DPB,4,4
MERCEDES,SERIE X167(GLS),F,4,4
MERCEDES,SERIE W206 (C-KLASS),B,4,4
MERCEDES,SERIE W206 (C-KLASS),DFF,4,2
MERCEDES,SERIE W206 (C-KLASS),DFB,4,4
MERCEDES,SERIE W206 (C-KLASS),SFB1,4,4
MERCEDES,SERIE W206 (C-KLASS),DPF,4,2
MERCEDES,SERIE W206 (C-KLASS),DPB,4,4
MERCEDES,SERIE W206 (C-KLASS),SPB1,4,4
MERCEDES,EQS,DFB,4,4
MERCEDES,EQS,DPB,4,4
BMW,2500 (E3/E9),F,4,4
MITSUBISHI,ECLIPSE,F,4,4
VW,1303,F,4,4
OPEL,VIVARO,SFB1,4,4
OPEL,GRANDLAND X,F,4,4
AUDI,Q8,F,4,4
VOLVO,240 SERIE,DFB,4,2
VOLVO,240 SERIE,DPB,4,2
CITROEN TRUCKS,JUMPER,SPB1,4,4
FIAT TRUCKS,DUCATO,SPB1,4,4
PEUGEOT TRUCKS,BOXER,SPB1,4,4
PEUGEOT TRUCKS,RIFTER,DFB,4,4
PEUGEOT TRUCKS,RIFTER,SFB1,4,4
PEUGEOT TRUCKS,RIFTER,DPB,4,4
VW,JETTA,SFB1,4,3
VW,JETTA,SPB1,4,3
PORSCHE,PANAMERA,DFF,4,4
PORSCHE,PANAMERA,DFFV,4,4
PORSCHE,PANAMERA,DPF,4,4
PORSCHE,PANAMERA,DPFV,4,4
PORSCHE,MACAN,SFB1,4,4
PORSCHE,MACAN,SPB1,4,4
PORSCHE,TAYCAN (EL),DFB,4,4
PORSCHE,TAYCAN (EL),DPB,4,4
MERCEDES,SERIE W123,DFF,4,2
MERCEDES,SERIE W123,DPF,4,2
MERCEDES,SERIE W123,DFB,4,4
MERCEDES,SERIE W123,DPB,4,4
LANDROVER,DEFENDER,SPB1,4,4
RENAULT,AUSTRAL,F,4,4
OPEL,REKORD,DFB,4,4
OPEL,REKORD,DFBV,4,4
OPEL,REKORD,DPBV,4,4
IVECO (FIAT) TRUCKS,558,F,4,4
AUDI,Q3,N/A,4,4
SKODA,SCALA,F,4,4
SKODA,SCALA,SFB1,4,4
SKODA,KAMIQ,F,4,4
SKODA,ENYAQ,F,4,4
SKODA,ELROQ,B,4,4
SKODA,ENYAQ,DFF,4,4
SKODA,ENYAQ,N/A,4,4
VW,SANTANA,DPFV,4,2
OPEL,ASCONA,DFBV,4,4
OPEL,ASCONA,SFB1,4,4
OPEL,ASCONA,SPB1,4,4
VW,POLO,DPFV,4,2
OPEL,MANTA,F,4,4
VOLVO,300 SERIE,F,4,2
LEXUS,ES,F,4,4
LEXUS,UX,F,4,4
VOLVO,740_760-80 SERIE,DFF,4,1
VOLVO,740_760-80 SERIE,DPF,4,1
VOLVO,740_760-80 SERIE,DFB,4,1
VOLVO,740_760-80 SERIE,DPB,4,1
VOLVO,740_760-80 SERIE,DPBV,4,1
VW,ARTEON,N/A,4,4
VW,TAIGO,B,4,4
VW,TAIGO,SFB1,4,4
VW,TAIGO,SPB1,4,4
VW,T-ROC,F,4,4
AUDI,E-TRON,N/A,4,4
AUDI,E-TRON,DFF,4,4
AUDI,E-TRON,DPF,4,4
VW,T-CROSS,B,4,4
VW,ID.4 (EL),F,4,4
VW,CADDY,DFB,4,4
VW,CADDY,DPB,4,4
AUDI,Q4,B,4,4
VOLVO,300 SERIE,DFF,4,2
VOLVO,300 SERIE,DPF,4,2
VOLVO,XC 40,N/A,4,4
VOLVO,EX90,B,4,4
VOLVO,EX90,SFB1,4,4
VOLVO,EX90,SPB1,4,4
MCLAREN,570S,F,4,4
USA CARS,DODGE,DFBV,4,4
USA CARS,DODGE,DPBV,4,4
MOTORHOMES,LMC,F,4,4
MOTORHOMES,HYMER,N/A,4,4
MOTORHOMES,CARTHAGO,F,4,4
USA CARS,GMC,DPB,4,3
USA CARS,GMC,DFB,4,3
USA CARS,DODGE,N/A,4,3
MERCEDES,GELANDEWAGEN,SPB1,3,3
AUDI,90,F,3,3
MERCEDES,SERIE W126,F,3,3
NISSAN TRUCKS,KING CAB,F,3,3
MITSUBISHI TRUCKS,L-300 VAREVOGN,F,3,3
MERCEDES TRUCKS,1626-2644SUPER CAB HYTTENR 389,F,3,3
ISUZU,KB-D PICK UP,F,3,3
NISSAN,LAUREL,F,3,3
OPEL,MONZA COUPE,F,3,3
NISSAN,280 ZX COUPE,F,3,3
VOLVO,400 SERIE,F,3,2
SUZUKI,ALTO,F,3,3
HONDA,LEGEND,F,3,3
MAN,F SERIE,F,3,3
ALFA ROMEO,164,F,3,3
RENAULT,R19,F,3,1
ROVER,400,F,3,2
TOYOTA,PREVIA,F,3,3
MERCEDES,SERIE W140,F,3,3
MITSUBISHI,SPACE RUNNER,F,3,3
OPEL,FRONTERA,F,3,2
FIAT TRUCKS,STRALIS,F,3,3
NISSAN,PATHFINDER,F,3,3
DAEWOO (CHEVROLET),NEXIA,F,3,1
PORSCHE,968,F,3,3
SEAT,ALHAMBRA,F,3,3
SCANIA TRUCKS,R 4-SERIE,F,3,3
TOYOTA,CELICA,SFB1,3,3
TOYOTA,CELICA,SPB1,3,3
PORSCHE,944,B,3,2
MITSUBISHI,COLT,DFB,3,2
MITSUBISHI,COLT,DPB,3,2
SAAB,9000,DFF,3,1
SAAB,9000,DPF,3,1
SAAB,9000,DFB,3,1
SAAB,9000,DPB,3,1
SAAB,9000,DFBV,3,1
SAAB,9000,DPBV,3,1
MITSUBISHI,SPACE WAGON,DFF,3,3
AUDI,100,DFB,3,3
AUDI,100,DPB,3,3
PEUGEOT,205,SPB1,3,3
NISSAN,BLUEBIRD,DFB,3,2
MERCEDES,SERIE W124,DFB,3,2
FORD,SCORPIO,DPF,3,1
FORD,SCORPIO,B,3,3
VOLVO,940 SERIE,SFB1,3,3
VOLVO,960 SERIE,SFB1,3,3
VOLVO,940 SERIE,SPB1,3,3
VOLVO,960 SERIE,SPB1,3,3
MAZDA TRUCKS,B 2000 PICK UP,B,3,3
MAZDA TRUCKS,B 2000 PICK UP,DFF,3,3
MAZDA TRUCKS,B 2000 PICK UP,DPF,3,3
FIAT,UNO,DFB,3,3
FIAT,UNO,DPB,3,3
SUBARU,LEONE,SFB1,3,3
SUBARU,LEONE,SPB1,3,3
SUBARU,LEONE,B,3,3
ALFA ROMEO,4C,F,3,3
VOLVO,400 SERIE,DFF,3,2
VOLVO,400 SERIE,DPF,3,2
MERCEDES,SERIE W124,SFB1,3,2
MERCEDES,SERIE W124,SPB1,3,2
NISSAN TRUCKS,TERRANO,SFB1,3,3
VOLVO,940 SERIE,B,3,3
VOLVO,960 SERIE,B,3,3
NISSAN,SUNNY,SFB1,3,3
NISSAN,SUNNY,SPB1,3,3
FIAT,CROMA,B,3,3
FIAT,CROMA,DFF,3,3
JAGUAR,XJ SERIE,DFB,3,2
JAGUAR,XJ SERIE,SFB1,3,2
JAGUAR,XJ SERIE,SPB1,3,2
HYUNDAI,2-D COUPE,F,3,3
HONDA,NSX,F,3,3
VOLVO,C 70 CAB,F,3,3
VOLVO,C 70 COUPE,F,3,3
AUDI,90,DFF,3,3
AUDI,90,DPF,3,3
AUDI,90,DFB,3,3
AUDI,90,DPB,3,3
AUDI,90,SFB1,3,3
AUDI,90,SPB1,3,3
BMW,3 SERIE,DPFV,3,3
CITROEN,AX,DFFV,3,3
CITROEN,AX,DPFV,3,3
CITROEN,AX,SPB1,3,3
FIAT,TIPO,DFB,3,3
FIAT,TIPO,DPB,3,3
FIAT,TIPO,DFBV,3,3
FIAT,TIPO,DPBV,3,3
DAIHATSU,CHARADE,DFF,3,2
DAIHATSU,CHARADE,DPF,3,2
DAIHATSU,CHARADE,DFB,3,2
DAIHATSU,CHARADE,DPB,3,2
HONDA,PRELUDE,SPB1,3,3
MITSUBISHI,GALANT,SPB1,3,3
VOLVO,400 SERIE,SPB1,3,2
SUBARU,JUSTY,DFF,3,3
MITSUBISHI TRUCKS,L-300 VAREVOGN,DFF,3,3
OPEL,VECTRA,DPBV,3,3
RENAULT,R19,DFF,3,2
RENAULT,R19,DPF,3,2
CITROEN,XM,SFB1,3,2
CITROEN,XM,SPB1,3,2
CITROEN,XM,B,3,2
HONDA,ACCORD,DPBV,3,3
NISSAN,MAXIMA QX,B,3,3
NISSAN,MAXIMA QX,DPF,3,3
NISSAN,MAXIMA QX,DFBV,3,3
FORD,ORION,B,3,3
CITROEN,ZX,B,3,2
CITROEN,ZX,DFF,3,2
CITROEN,ZX,DPF,3,2
CITROEN,ZX,SFB1,3,3
CITROEN,ZX,SPB1,3,3
HYUNDAI,ATOS,F,3,3
HYUNDAI,SONATA,DPB,3,3
VOLVO,800 SERIE,SFB1,3,3
OPEL,FRONTERA,DFF,3,2
OPEL,FRONTERA,DPF,3,2
ISUZU,TROOPER JEEP,DFF,3,3
ISUZU,TROOPER JEEP,DPF,3,3
ISUZU,TROOPER JEEP,SFB1,3,3
ISUZU,TROOPER JEEP,SPB1,3,3
ISUZU,TROOPER JEEP,B,3,3
SEAT,TOLEDO,DFF,3,3
SEAT,TOLEDO,DPF,3,3
SEAT,TOLEDO,DFB,3,3
SEAT,TOLEDO,DPB,3,3
NISSAN,MICRA,SFB1,3,3
NISSAN,MICRA,SPB1,3,3
CITROEN,XANTIA,B,3,3
PEUGEOT,306,DFB,3,1
PEUGEOT,306,DPB,3,1
PEUGEOT,306,DFBV,3,1
PEUGEOT,306,DPBV,3,1
SEAT,CORDOBA,DFB,3,3
SEAT,CORDOBA,DPB,3,3
ROVER,75,F,3,3
NISSAN TRUCKS,SERENA 5-D MINI VAN,B,3,3
HONDA,CIVIC,DPFV,3,2
VOLVO TRUCKS,FH LASTEVOGN,DFF,3,3
VOLVO TRUCKS,FH LASTEVOGN,DPF,3,3
SEAT,CORDOBA,SFB1,3,3
SEAT,CORDOBA,SPB1,3,3
FIAT,PUNTO,DFB,3,3
FIAT,PUNTO,DPB,3,3
NISSAN,PATHFINDER,DFF,3,3
NISSAN,PATHFINDER,DFB,3,3
CITROEN TRUCKS,EVASION,DFFV,3,3
CITROEN TRUCKS,JUMPY,DFFV,3,3
FIAT TRUCKS,SKUDO,DFFV,3,3
PEUGEOT TRUCKS,EXPERT,DFFV,3,3
CITROEN TRUCKS,JUMPER,DFF,3,3
PEUGEOT TRUCKS,BOXER,DFF,3,3
CITROEN TRUCKS,JUMPER,DPF,3,3
PEUGEOT TRUCKS,BOXER,DPF,3,3
CITROEN TRUCKS,JUMPER,DFFV,3,3
PEUGEOT TRUCKS,BOXER,DFFV,3,3
CITROEN TRUCKS,JUMPER,DPFV,3,3
FIAT TRUCKS,DUCATO,DPFV,3,3
PEUGEOT TRUCKS,BOXER,DPFV,3,3
CITROEN TRUCKS,JUMPY,DPF,3,2
PEUGEOT TRUCKS,EXPERT,DPF,3,2
KIA,SEPHIA,DFF,3,2
KIA,SEPHIA,DPF,3,2
KIA,SEPHIA,DFB,3,2
KIA,SEPHIA,DPB,3,2
HYUNDAI,GRACE MINI VAN H-100,B,3,3
MERCEDES,SERIE W210,DFB,3,3
MERCEDES,SERIE W210,DPB,3,3
MERCEDES,SERIE W210,DFBV,3,3
MERCEDES,SERIE W210,DPBV,3,3
FORD,GALAXY,DPFV,3,3
FORD,GALAXY,DPF,3,3
VW,SHARAN,DFB,3,3
SEAT,ALHAMBRA,DPB,3,3
KIA,SPORTAGE,DFBV,3,3
KIA,SPORTAGE,DFFV,3,3
KIA,SPORTAGE,SFB1,3,3
KIA,SPORTAGE,SPB1,3,3
PEUGEOT,406,DFF,3,2
PEUGEOT,406,DPF,3,2
FIAT,BRAVO,B,3,3
NISSAN,ALMERA,SFB1,3,3
NISSAN,ALMERA,SPB1,3,3
BMW,4 SERIE,DFB,3,3
BMW,4 SERIE,DPF,3,3
BMW,4 SERIE,DPB,3,3
MITSUBISHI,CHARISMA,B,3,3
BMW,X1,DFF,3,3
BMW,X2,B,3,3
BMW,X2,DFF,3,3
BMW,X2,DFB,3,3
BMW,X2,DPF,3,3
BMW,X2,DPB,3,3
MAN,TG-A XXL,F,3,3
HYUNDAI,ELANTRA,DPBV,3,2
VOLVO,S 40,DFF,3,3
VOLVO,S 40,DPF,3,3
VOLVO,S 40,DFB,3,3
VOLVO,S 40,DPB,3,3
VOLVO,V40,DFB,3,3
VOLVO,V40,DPB,3,3
VOLVO,V40,B,3,3
MERCEDES,SERIE W170,DPF,3,3
MERCEDES,SERIE W210,SFB1,3,3
TOYOTA,STARLET,SFB1,3,2
JAGUAR,XK SERIE,B,3,3
HYUNDAI,2-D COUPE,B,3,3
PEUGEOT TRUCKS,PARTNER,DPF,3,3
DAF,LF 45,F,3,3
DAF,LF 55,F,3,3
MITSUBISHI TRUCKS,L-200 PICK UP,DFB,3,3
FORD,KA,DPF,3,3
FORD,KA,SFB1,3,3
FORD,KA,SPB1,3,3
RENAULT,ESPACE,DFFV,3,3
RENAULT,ESPACE,DPFV,3,3
RENAULT,ESPACE,DPB,3,3
FORD,PUMA,B,3,3
HYUNDAI,TERRACAN,F,3,3
LOTUS,ELISE,F,3,3
SAAB,9-5,DFF,3,2
SAAB,9-5,DPF,3,2
DAEWOO (CHEVROLET),LANOS,DFF,3,2
DAEWOO (CHEVROLET),LANOS,DPF,3,2
DAIHATSU,TERIOS,B,3,3
RENAULT,KANGOO,DFF,3,3
RENAULT,KANGOO,DPF,3,3
NISSAN TRUCKS,KUBISTAR,B,3,3
PORSCHE,996,DFF,3,3
MERCEDES,SERIE R171,F,3,3
MERCEDES,SERIE W163,DPBV,3,3
MERCEDES,SERIE W163,SFB1,3,3
LANDROVER,FREELANDER,SFB1,3,3
LANDROVER,FREELANDER,SPB1,3,3
HONDA,ACCORD,DPFV,3,3
TOYOTA TRUCKS,HI-LUX,DPB,3,3
HYUNDAI,H1,DFF,3,3
HYUNDAI,H1,DPF,3,3
HYUNDAI,ATOS,B,3,3
VOLVO,S 80,B,3,3
FIAT TRUCKS,DAILY,DFFV,3,2
RENAULT TRUCKS,MASTER,DFFV,3,3
RENAULT TRUCKS,MASTER,DPFV,3,3
OPEL,MOVANO,DFF,3,3
RENAULT TRUCKS,MASTER,DFF,3,3
RENAULT TRUCKS,MASTER,DPF,3,3
AUDI,TT,DPF,3,3
AUDI,TT,SFB1,3,3
MITSUBISHI,SPACE STAR (MIRAGE),B,3,3
PEUGEOT,206,SFB1,3,3
PEUGEOT,206,SPB1,3,3
MERCEDES,SERIE W220,DFB,3,3
MERCEDES,SERIE W220,DPB,3,3
MERCEDES,SERIE W220,SFB1,3,3
LANDROVER,DEFENDER,DPF,3,3
HONDA,HR-V,DFF,3,3
TOYOTA,YARIS,DFBV,3,3
TOYOTA,YARIS,DPBV,3,3
LEXUS,IS,DFBV,3,2
LEXUS,IS,DPBV,3,2
PEUGEOT,607,DFF,3,3
KIA,CARNIVAL,DPB,3,3
BMW,X4,DFF,3,3
BMW,X4,DPF,3,3
OPEL,ASTRA,B,3,3
VOLVO,C 70 CAB,DFF,3,3
VOLVO,XC 70,DPF,3,3
HONDA,HR-V,DPF,3,3
HONDA,HR-V,DPB,3,3
OPEL,AGILA,DFB,3,3
OPEL,AGILA,DPB,3,3
OPEL,AGILA,B,3,3
VOLVO,S60,DFBV,3,3
VOLVO,S60,DPBV,3,3
FORD,MONDEO,DFBV,3,2
FORD,MONDEO,DPBV,3,2
KIA,RIO,DFBV,3,3
KIA,RIO,DPBV,3,3
NISSAN,350Z,F,3,3
ALFA ROMEO,147,DFF,3,3
ALFA ROMEO,147,DPF,3,3
SKODA,FABIA,DPFV,3,3
SKODA,FABIA,SPB1,3,3
PEUGEOT,307,DFB,3,3
PEUGEOT,307,SFB1,3,3
CITROEN,C2,F,3,3
RENAULT,KANGOO,SFB3,3,3
RENAULT,KANGOO,SPB3,3,3
BMW,7 SERIE,DFFV,3,3
BMW,7 SERIE,DPFV,3,3
RENAULT TRUCKS,TRAFFIC,DFF,3,3
RENAULT TRUCKS,TRAFFIC,DPF,3,3
MERCEDES TRUCKS,VIANO,F,3,3
FIAT,STILO,DFF,3,2
FIAT,STILO,DPF,3,2
FIAT,STILO,B,3,3
HONDA,JAZZ,DPF,3,3
FIAT,DOBLO,DPB,3,3
SEAT,ALTEA,F,3,3
SEAT,ALTEA XL,F,3,3
MERCEDES,SERIE W219,F,3,3
CITROEN,C8,DFB,3,3
PEUGEOT,807,DFB,3,3
ALFA ROMEO,GT,F,3,3
FORD,FUSION,DFB,3,3
FORD,FUSION,DFBV,3,3
FORD,FUSION,SFB1,3,3
OPEL,MERIVA,DPB,3,3
VW,TOURAN,DFF,3,3
LEXUS,IS,DFFV,3,2
LEXUS,IS,DPFV,3,2
KIA,CARENS,DFB,3,3
KIA,CARENS,DPB,3,3
KIA,CARENS,SFB1,3,3
KIA,CARENS,SPB1,3,3
RENAULT,ESPACE,DFBV,3,3
RENAULT,ESPACE,DPBV,3,3
PEUGEOT,1007,F,3,3
VOLVO,V50,DFF,3,2
VOLVO,V50,DPF,3,2
NISSAN TRUCKS,NAVARA,F,3,3
MERCEDES,SERIE X164 (GL),F,3,3
FIAT,PANDA,DPB,3,3
MERCEDES TRUCKS,VITO,DFB,3,3
MERCEDES TRUCKS,VIANO,SFB1,3,3
MERCEDES TRUCKS,VITO,DPB,3,3
VW,CADDY,DFFV,3,2
VW,CADDY,DPFV,3,2
MITSUBISHI,GRANDIS,DFF,3,3
MITSUBISHI,GRANDIS,DPB,3,3
SEAT,ALTEA,DFFV,3,3
SEAT,ALTEA XL,DFFV,3,3
SMART,FORFOUR,DFB,3,3
SUBARU,OUTBACK,SFB1,3,3
HYUNDAI,TUCSON,DPF,3,3
HYUNDAI,TUCSON,DFB,3,3
HYUNDAI,TUCSON,DPB,3,3
HYUNDAI,TUCSON,SFB1,3,3
HYUNDAI,TUCSON,SPB1,3,3
PEUGEOT,407,SFB1,3,3
RENAULT,MODUS,DPFV,3,3
RENAULT,MODUS,B,3,3
MERCEDES,SERIE W169,DFB,3,3
MERCEDES,SERIE W251,F,3,3
ALFA ROMEO,BRERA,F,3,3
DAEWOO (CHEVROLET),EPICA,F,3,3
HYUNDAI,GRANDEUR,F,3,3
LEXUS,GS,DPF,3,2
NISSAN TRUCKS,NAVARA,DFF,3,3
NISSAN,PATHFINDER,SPB1,3,3
MAZDA,5,DFFV,3,3
MAZDA,5,DPFV,3,3
MERCEDES,SERIE W164,B,3,3
MERCEDES,SERIE W164,DFF,3,3
MERCEDES,SERIE X164 (GL),DFF,3,3
MERCEDES,SERIE W164,DPF,3,3
MERCEDES,SERIE X164 (GL),DPF,3,3
MERCEDES,SERIE W164,DFB,3,3
MERCEDES,SERIE W164,DPB,3,3
MERCEDES,SERIE W164,DFBV,3,3
MERCEDES,SERIE W164,DPBV,3,3
LANDROVER,RANGE ROVER,DFFV,3,3
VW,EOS,F,3,3
LEXUS,IS,DFF,3,2
LEXUS,IS,DPF,3,2
PEUGEOT,107,DFF,3,3
CITROEN,C1,DPF,3,3
PEUGEOT TRUCKS,PARTNER,SFB2,3,3
VW TRUCKS,CRAFTER PICK-UP,F,3,3
ALFA ROMEO,159,B,3,3
AUDI,Q7,DPB,3,3
CITROEN,DS 5,B,3,3
MAZDA,MX-5,DFFV,3,3
MAZDA,MX-5,DPFV,3,3
MAZDA,MX-5,DFF,3,3
MERCEDES,SERIE W251,B,3,3
NISSAN,NOTE,B,3,3
NISSAN,NOTE,SFB1,3,3
NISSAN,NOTE,SPB1,3,3
OPEL,ANTARA,SPB1,3,3
PEUGEOT,207,DFB,3,3
CITROEN,C5 X,DFF,3,3
CITROEN,C5 X,DPF,3,3
VW TRUCKS,CRAFTER VAREBIL,DFF,3,3
VW TRUCKS,CRAFTER VAREBIL,DFB,3,3
MAZDA TRUCKS,BT-50,SFB1,3,3
MAZDA TRUCKS,BT-50,SPB1,3,3
FIAT TRUCKS,SKUDO,F,3,3
PORSCHE,CAYMAN,SFB1,3,3
PORSCHE,CAYMAN,SPB1,3,3
SEAT,ALTEA XL,SFB1,3,3
SEAT,ALTEA XL,SPB1,3,3
BMW,1 SERIE,SFB1,3,3
BMW,1 SERIE,SPB1,3,3
ISUZU,D-MAX PICK UP,DFF,3,3
MAZDA,CX 7,F,3,3
MITSUBISHI,LANCER,DFFV,3,2
HYUNDAI,I10,DPF,3,3
HYUNDAI,I10,DPB,3,3
RENAULT,CLIO,DPFV,3,2
SKODA,SUPERB,DPF,3,2
SKODA,SUPERB,DFFV,3,3
MAZDA,2,F,3,3
VW,SCIROCCO,B,3,3
PEUGEOT TRUCKS,PARTNER,DPBV,3,3
RENAULT,KOLEOS,DFB,3,3
RENAULT,KOLEOS,DPB,3,3
RENAULT,KOLEOS,SFB1,3,3
RENAULT,KANGOO,SFB2,3,3
AUDI,Q5,DFF,3,3
AUDI,Q5,DPF,3,3
DACIA,LOGAN,DFF,3,2
DACIA,LOGAN,DPF,3,2
DACIA,DUSTER,DFF,3,3
DACIA,DUSTER,DPF,3,3
DACIA,SANDERO,DFB,3,3
TOYOTA,VERSO,DFFV,3,3
TOYOTA,VERSO,DFB,3,3
TOYOTA,VERSO,SFB1,3,3
MAZDA,3,DFFV,3,3
MAZDA,3,DPFV,3,3
AUDI,R8,DFF,3,3
AUDI,R8,DPF,3,3
SUBARU,OUTBACK,DFBV,3,3
SUBARU,OUTBACK,DPBV,3,3
HYUNDAI,IX20,DFB,3,3
KIA,VENGA,DFB,3,3
VW,TOUAREG,DFFV,3,3
VW,TOUAREG,DPFV,3,3
MITSUBISHI,ASX,SFB1,3,3
MITSUBISHI,ASX,SPB1,3,3
MITSUBISHI,ASX,B,3,3
NISSAN,NV 200,SFB1,3,3
NISSAN,NV 200,SPB1,3,3
NISSAN,JUKE,B,3,3
NISSAN,JUKE,DFB,3,3
NISSAN,JUKE,DPB,3,3
AUDI,A1,DPF,3,3
VW,AMAROK,DFB,3,3
VW,AMAROK,DPB,3,3
BMW,MINI PACEMAN,SFB1,3,3
DACIA,SANDERO,F,3,3
PEUGEOT,508,DFF,3,2
CITROEN,DS4,DFB,3,3
TOYOTA,URBAN CRUISER,F,3,3
AUDI,Q3,DFF,3,3
AUDI,Q3,DPF,3,3
AUDI,Q3,SPB1,3,3
MERCEDES,SERIE W166 (M-KLASSE),DFB,3,3
MERCEDES,SERIE W166 (M-KLASSE),DPB,3,3
MERCEDES,SERIE W166 (M-KLASSE),DFBV,3,3
MERCEDES,SERIE W166 (M-KLASSE),SPB1,3,3
MERCEDES,SERIE W166 (M-KLASSE),B,3,3
OPEL,AMPERA,DFB,3,3
OPEL,AMPERA,B,3,3
VW,BEETLE,SFB1,3,3
VW,BEETLE,SPB1,3,3
VW,BEETLE,B,3,3
NISSAN,LEAF,B,3,3
NISSAN,LEAF,DFF,3,2
NISSAN,LEAF,DPF,3,2
MAZDA,CX 5,DFB,3,3
MAZDA,CX 5,DPB,3,3
ALFA ROMEO,MITO,F,3,3
MAZDA,CX 5,SFB1,3,3
MAZDA,CX 5,SPB1,3,3
SUBARU,XV,DFB,3,3
SUBARU,XV,DPB,3,3
PEUGEOT,208,DFF,3,3
PEUGEOT,208,DPF,3,3
PEUGEOT,208,SPB1,3,3
PEUGEOT,2008,DFF,3,3
PEUGEOT,2008,DPF,3,3
BMW,6 SERIE,DFB,3,3
KIA,CEED,DFFV,3,3
KIA,CEED,DPFV,3,3
FIAT,500,DFB,3,3
FORD,B-MAX,DPFV,3,3
FORD,B-MAX,DFBV,3,3
OPEL,MOKKA,DFB,3,3
OPEL,MOKKA,DPB,3,3
OPEL,MOKKA,DPBV,3,3
OPEL,MOKKA,B,3,3
HYUNDAI,IX35,F,3,3
RENAULT,CAPTUR,DFF,3,3
RENAULT,CAPTUR,DPF,3,3
RENAULT,CAPTUR,DFB,3,3
RENAULT,CAPTUR,DPB,3,3
RENAULT,CAPTUR,SPB1,3,3
OPEL,ADAM,SPB1,3,3
HYUNDAI,I10,DFBV,3,3
MERCEDES,SERIE W222/217 (S-KLASSE),DFF,3,3
MERCEDES,SERIE W222/217 (S-KLASSE),DPF,3,3
MERCEDES,SERIE W222/217 (S-KLASSE),DFBV,3,3
MERCEDES,SERIE W222/217 (S-KLASSE),DPBV,3,3
DAEWOO (CHEVROLET),CRUZE,SFB1,3,3
DAEWOO (CHEVROLET),CRUZE,DFBV,3,3
SSANGYONG,KORANDO,DFB,3,3
USA CARS,CHRYSLER,DFFV,3,3
SSANGYONG,TIVOLI_XLV,B,3,3
BMW,MINI PACEMAN,F,3,3
FORD,MONDEO,DFFV,3,1
FORD,MONDEO,DPFV,3,1
NISSAN,NV 400,F,3,3
SKODA,SUPERB,DPBV,3,3
HONDA,HR-V,DFB,3,3
HYUNDAI,GENESIS,F,3,2
MERCEDES,SERIE R172 (SLK),F,3,3
LEXUS,CT,F,3,3
MERCEDES,SERIE W205,SPB1,3,3
MERCEDES,SERIE X253 (GLC),DPF,3,3
MERCEDES,SERIE X253 (GLC),DFB,3,3
MERCEDES,SERIE X253 (GLC),SFB1,3,3
ALFA ROMEO,GIULIA,DFB,3,3
CITROEN,DS4,F,3,3
OPEL,AMPERA,F,3,3
RENAULT,ZOE (EL BIL),F,3,3
NISSAN,NV 300,F,3,3
FIAT,FREEMONT,F,3,3
JAGUAR,F-PACE,F,3,3
MERCEDES,SERIE R231 (SL),F,3,3
HYUNDAI,I20,SFB1,3,3
HYUNDAI,I20,SPB1,3,3
HYUNDAI,IONIQ,DFBV,3,3
HYUNDAI,IONIQ,SFB1,3,3
HYUNDAI,IONIQ,SPB1,3,3
JAGUAR,E-PACE,DFB,3,3
KIA,NIRO (HYBRID) 2016-2022,F,3,3
MERCEDES,SERIE W114,F,3,3
MERCEDES,SERIE W115,F,3,3
PORSCHE,901,F,3,3
PORSCHE,912,F,3,3
MERCEDES,SERIE W205,DFBV,3,3
MERCEDES,SERIE W213 (E-CLASS),SFB1,3,3
MERCEDES,SERIE W108/109 S KLASSE,F,3,3
MERCEDES TRUCKS,SPRINTER,SFB2,3,3
MERCEDES TRUCKS,SPRINTER,SPB1,3,3
MERCEDES,GLA/EQA (H247),SPB1,3,3
MERCEDES,SERIE X167(GLS),B,3,3
MERCEDES,SERIE W167 (GLE-KLASSE),DFF,3,3
MERCEDES,SERIE W167 (GLE-KLASSE),DFBV,3,3
MERCEDES,SERIE W167 (GLE-KLASSE),DPF,3,3
MERCEDES,SERIE W167 (GLE-KLASSE),DPBV,3,3
MERCEDES,EQC,F,3,3
MERCEDES,EQS,B,3,3
MERCEDES,EQS,SFB1,3,3
MERCEDES,EQS,SPB1,3,3
MERCEDES,EQE (V295-X294),B,3,3
MERCEDES,EQE (V295-X294),SFB1,3,3
MERCEDES,EQE (V295-X294),DFBV,3,3
MERCEDES,EQE (V295-X294),SPB1,3,3
MERCEDES,SERIE C254-X254 (GLC),DPB,3,3
MERCEDES,SERIE W214 E CLASS,DFB,3,3
MERCEDES,SERIE W214 E CLASS,DPB,3,3
SMART,5,DFB,3,3
SMART,5,DPB,3,3
NISSAN,ARIYA,F,3,3
MERCEDES,SERIE R107,B,3,3
OPEL,CROSSLAND,B,3,3
OPEL,CROSSLAND,DPB,3,3
PEUGEOT,5008,DPF,3,3
PEUGEOT,508,DFBV,3,3
PEUGEOT TRUCKS,RIFTER,SPB1,3,3
PORSCHE,MACAN,DFFV,3,3
PORSCHE,MACAN,DFB,3,3
PORSCHE,PANAMERA,SFB1,3,3
PORSCHE,TAYCAN (EL),DFF,3,3
PORSCHE,TAYCAN (EL),DPF,3,3
MERCEDES,SERIE W116,F,3,3
OPEL,REKORD,DFF,3,2
OPEL,REKORD,DPB,3,3
SEAT,ATECA,F,3,3
MERCEDES,SERIE W126,B,3,3
SKODA,KODIAQ,B,3,3
SKODA,KODIAQ,SFB1,3,3
SKODA,KODIAQ,DFBV,3,3
SKODA,KODIAQ,SPB1,3,3
SKODA,KAROQ,F,3,3
SKODA,SCALA,B,3,3
SKODA,ENYAQ,B,3,3
VOLVO,300 SERIE,DFBV,3,1
MAN,LASTEVOGN BULLDOG,F,3,3
SUBARU,IMPREZA,DFBV,3,3
VW,SANTANA,SFB1,3,3
VW,SANTANA,SPB1,3,3
PORSCHE,924,F,3,3
FORD,ORION,DFBV,3,3
FORD,ORION,DPBV,3,3
LEXUS,LS,SPB1,3,3
VOLVO,V90,DFF,3,3
VOLVO,V90,DPF,3,3
LEXUS,RZ,F,3,3
LEXUS,RZ,SPB1,3,3
VW,JETTA,DFBV,3,3
VW,JETTA,DPBV,3,3
AUDI,A7,N/A,3,3
VW,ARTEON,F,3,3
VW,TAIGO,F,3,3
VW,ID.7 (EL),SPB1,3,3
AUDI,Q6,DFF,3,3
AUDI,Q6,DPF,3,3
VOLVO,740_760-80 SERIE,N/A,3,3
SCANIA TRUCKS,R 112 SERIE,DFF,3,3
SCANIA TRUCKS,R 142 SERIE,DFF,3,3
SCANIA TRUCKS,R 82 SERIE,DFF,3,3
PEUGEOT,305,F,3,3
USA CARS,HUMMER,B,3,3
USA CARS,HUMMER,DPF,3,3
USA CARS,HUMMER,DFF,3,3
USA CARS,HUMMER,SPB1,3,3
USA CARS,GMC,SPB1,3,3
USA CARS,GMC,SFB1,3,2
BYD,SEAL,F,3,3
TOYOTA TRUCKS,TUNDRA,B,3,3
TOYOTA,SIENNA,F,3,3
USA CARS,LINCOLN,F,3,3
USA CARS,AMC,F,3,3
MERCEDES,GELANDEWAGEN,B,2,2
MERCEDES,GELANDEWAGEN,DFB,2,2
MERCEDES TRUCKS,1013-2632 HYTTENR. 381,DFFV,2,2
MERCEDES TRUCKS,1013-2632 HYTTENR. 381,DFF,2,2
LADA / TOGLIATTI,NIVA 2121 4WD,F,2,2
VOLVO TRUCKS,F4,F,2,2
VOLVO TRUCKS,F6,F,2,2
VOLVO TRUCKS,F7,F,2,2
CITROEN,VISA,F,2,2
CITROEN TRUCKS,C15,F,2,2
CITROEN TRUCKS,VISA,F,2,2
PEUGEOT,505,F,2,2
MERCEDES TRUCKS,L613-808SERIE 309,F,2,2
MAZDA TRUCKS,E1600-2200 VAREVOGN,F,2,2
VW,DERBY,F,2,2
MERCEDES TRUCKS,LN 709-1317 SERIE 673,F,2,2
TOYOTA,TERCEL,F,2,2
MERCEDES,SERIE W201,F,2,2
MERCEDES,SERIE W120,F,2,2
TOYOTA TRUCKS,MODELL F,F,2,2
ISUZU,WFR 510 VAN,F,2,2
VW,JETTA,N/A,2,1
MAZDA TRUCKS,T 3000,F,2,2
MAZDA TRUCKS,T 3500 LASTEBIL,F,2,2
VOLVO TRUCKS,F16,F,2,2
NISSAN,300 ZX COUPE,F,2,2
RENAULT,EXPRESS,F,2,2
DAIHATSU,ROCKY,F,2,2
IVECO (FIAT) TRUCKS,TURBOSTAR 19033,F,2,2
LANCIA,Y 10,F,2,2
MAZDA TRUCKS,B 2000 PICK UP,F,2,2
VOLVO TRUCKS,FL10,F,2,2
VOLVO TRUCKS,FL7,F,2,2
RENAULT TRUCKS,LASTEVOGN SERIE R,F,2,2
NISSAN TRUCKS,TERRANO,F,2,2
PEUGEOT,309,F,2,1
TOYOTA TRUCKS,LITE-ACE,F,2,2
MERCEDES TRUCKS,L 507,F,2,2
DAF,FA 800 CN LASTEBIL,F,2,2
LANCIA,THEMA,F,2,2
NISSAN TRUCKS,KING VANETTE VAREVOGN,F,2,2
ROVER,800,F,2,2
VOLVO,940 SERIE,F,2,2
VOLVO,960 SERIE,F,2,2
MASERATI,BITURBO,F,2,2
OPEL,CAMPO,F,2,2
MERCEDES,SERIE W129,F,2,2
DAIHATSU,APPLAUSE,F,2,2
CITROEN,XM,F,2,1
LOTUS,ESPRIT,F,2,2
PEUGEOT,605,F,2,2
OPEL,CALIBRA,F,2,2
HYUNDAI,EXCEL,F,2,2
RENAULT TRUCKS,LASTEVOGN AE 350,F,2,2
RENAULT TRUCKS,LASTEVOGN AE 500 MAGNUM,F,2,2
MAN,L SERIE,F,2,2
MAN,M SERIE,F,2,2
DAF,SERIE 75,F,2,2
DAF,SERIE 85,F,2,2
OPEL,MONTREY,F,2,2
VOLVO,800 SERIE,F,2,1
MITSUBISHI,3000 GT,F,2,2
IVECO (FIAT) TRUCKS,IVECO LAST EUROSTAR,F,2,2
HYUNDAI,GRACE MINI VAN H-100,F,2,2
CITROEN TRUCKS,EVASION,F,2,2
OPEL,TIGRA,F,2,2
MITSUBISHI,SPACE GEAR,F,2,2
MITSUBISHI TRUCKS,L-400 VAREVOGN,F,2,2
MITSUBISHI,CHARISMA,F,2,1
VOLVO TRUCKS,BM HJULLASTER,F,2,2
FIAT,BRAVA,F,2,2
LADA / TOGLIATTI,1200,F,2,2
LADA / TOGLIATTI,2104,F,2,2
LADA / TOGLIATTI,215,F,2,2
NISSAN,PRAIRIE,DPF,2,2
NISSAN,PRAIRIE,DFB,2,2
NISSAN,PRAIRIE,SFB2,2,2
NISSAN,PRAIRIE,SPB2,2,2
MAZDA TRUCKS,E1600-2200 VAREVOGN,B,2,2
MITSUBISHI,COLT,DFBV,2,1
MITSUBISHI,COLT,DPBV,2,1
MITSUBISHI,SPACE WAGON,SPB1,2,2
VOLVO,940 SERIE,DFBV,2,2
VOLVO,960 SERIE,DFBV,2,2
MAZDA,MAXI CAB,DFF,2,2
MAZDA,MAXI CAB,DPF,2,2
CITROEN,SAXO,F,2,2
BMW,Z3,F,2,1
SUBARU,LEONE,DFB,2,2
SUBARU,LEONE,DPB,2,2
MAZDA,RX-7,DFF,2,2
MAZDA,RX-7,DPF,2,2
ALFA ROMEO,GIULIA,F,2,2
ALFA ROMEO,GIULIA,B,2,2
ALFA ROMEO,STELVIO,F,2,2
ALFA ROMEO,STELVIO,DFB,2,2
ALFA ROMEO,STELVIO,DPB,2,2
LADA / TOGLIATTI,SAMARA,DFF,2,2
KIA,BESTA,F,2,2
LADA / TOGLIATTI,SAMARA,DPF,2,2
LADA / TOGLIATTI,SAMARA,B,2,1
NISSAN TRUCKS,KING CAB,B,2,2
NISSAN TRUCKS,TERRANO,DPF,2,2
NISSAN TRUCKS,TERRANO,DFF,2,2
NISSAN TRUCKS,TERRANO,SPB1,2,2
NISSAN,BLUEBIRD,SFB1,2,1
NISSAN,BLUEBIRD,SPB1,2,1
FIAT,CROMA,DFB,2,2
FIAT,CROMA,DPB,2,2
JAGUAR,XK SERIE,N/A,2,1
VOLVO TRUCKS,FL 7,DFF,2,2
VOLVO TRUCKS,FL LASTEVOGN,DFF,2,2
VOLVO TRUCKS,FL 7,DPF,2,2
VOLVO TRUCKS,FL LASTEVOGN,DPF,2,2
FORD,SIERRA,DFBV,2,2
FORD,SIERRA,DPBV,2,2
SUBARU,LEONE,DFF,2,1
FIAT,TEMPRA,DPF,2,1
FIAT,TIPO,DPF,2,2
FIAT,TEMPRA,DFB,2,1
FIAT,TEMPRA,DPB,2,1
FIAT,TEMPRA,DFBV,2,1
FIAT,TEMPRA,DPBV,2,1
FIAT,TIPO,SFB1,2,2
FIAT,TIPO,SPB1,2,2
LANDROVER,RANGE ROVER,N/A,2,2
ROVER,200,F,2,1
ROVER,25,F,2,1
TOYOTA,CARINA,DFF,2,2
TOYOTA,CARINA,DPF,2,2
TOYOTA,CARINA,SFB1,2,2
TOYOTA,CARINA,SPB1,2,2
TOYOTA,CARINA,B,2,2
DAIHATSU,CHARADE,DFFV,2,1
DAIHATSU,CHARADE,DPFV,2,1
VOLVO,400 SERIE,DFB,2,1
VOLVO,400 SERIE,DPB,2,1
SUBARU,JUSTY,DFBV,2,2
HYUNDAI,GRACE MINI VAN H-100,DFF,2,2
HYUNDAI,GRACE MINI VAN H-100,DPF,2,2
MITSUBISHI TRUCKS,L-300 VAREVOGN,DPF,2,2
ASTON MARTIN,DB9,F,2,2
MITSUBISHI TRUCKS,L-300 VAREVOGN,B,2,2
MERCEDES,SERIE W168,F,2,2
RENAULT,R19,DFB,2,1
RENAULT,R19,DPB,2,1
RENAULT,R19,DFBV,2,1
RENAULT,R19,DPBV,2,1
ISUZU,CAMPO,B,2,1
RENAULT,R19,SFB1,2,2
RENAULT,R19,SPB1,2,2
CITROEN,XM,DFFV,2,1
CITROEN,XM,DPFV,2,1
CITROEN,XM,DFF,2,1
CITROEN,XM,DPF,2,1
CITROEN,XM,DFB,2,1
CITROEN,XM,DPB,2,1
CITROEN,XM,DFBV,2,1
CITROEN,XM,DPBV,2,1
DAEWOO (CHEVROLET),LANOS,F,2,1
HONDA,ACCORD,DFBV,2,2
ALFA ROMEO,33,B,2,2
TOYOTA,PREVIA,DFFV,2,2
TOYOTA,PREVIA,DPFV,2,2
TOYOTA,PREVIA,DFF,2,2
TOYOTA,PREVIA,DPF,2,2
TOYOTA,PREVIA,SPB2,2,2
OPEL,CALIBRA,DFF,2,1
OPEL,CALIBRA,DPF,2,1
OPEL,CALIBRA,SFB1,2,1
OPEL,CALIBRA,SPB1,2,1
OPEL,CALIBRA,B,2,1
OPEL,CALIBRA,DFFV,2,1
OPEL,CALIBRA,DPFV,2,1
NISSAN TRUCKS,TERRANO,DPB,2,2
NISSAN TRUCKS,TERRANO,DFFV,2,2
CITROEN,ZX,DFB,2,1
CITROEN,ZX,DPB,2,1
TOYOTA TRUCKS,HI-ACE,BP,2,2
HYUNDAI,PONY,DFF,2,2
HYUNDAI,PONY,DPF,2,2
HYUNDAI,PONY,B,2,2
VOLVO,800 SERIE,DFF,2,1
VOLVO,800 SERIE,DPF,2,1
VOLVO,800 SERIE,DFB,2,1
VOLVO,800 SERIE,DPB,2,1
PEUGEOT,106,SFB1,2,2
PEUGEOT,106,SPB1,2,2
MERCEDES,SERIE W140,DPB,2,2
MERCEDES,SERIE W140,DFB,2,2
MAZDA,DEMIO MINIVAN,F,2,2
OPEL,FRONTERA,DFB,2,2
OPEL,FRONTERA,DPB,2,2
ISUZU,TROOPER JEEP,DFFV,2,2
ISUZU,TROOPER JEEP,DPFV,2,2
ISUZU,TROOPER JEEP,DFB,2,2
ISUZU,TROOPER JEEP,DPB,2,2
FIAT,TEMPRA,B,2,2
SEAT,TOLEDO,DFBV,2,2
SEAT,TOLEDO,DPBV,2,2
MITSUBISHI,COLT,SFB2,2,2
MITSUBISHI,COLT,SPB2,2,2
VOLVO,AMAZON,F,2,2
DAIHATSU,GRAND MOVE,F,2,2
MITSUBISHI,3000 GT,DFF,2,1
MITSUBISHI,3000 GT,DPF,2,1
MITSUBISHI,3000 GT,SFB1,2,1
MITSUBISHI,3000 GT,SPB1,2,1
MITSUBISHI,3000 GT,B,2,1
NISSAN,MICRA,DFBV,2,2
NISSAN,MICRA,DPBV,2,2
DAIHATSU,SIRION,F,2,2
VOLVO,800 SERIE,SPB1,2,2
CITROEN,XANTIA,DFF,2,1
CITROEN,XANTIA,DPF,2,1
CITROEN,XANTIA,DFB,2,2
CITROEN,XANTIA,DPB,2,2
MERCEDES,SERIE W202 (1993-2001),DFF,2,1
MERCEDES,SERIE W202 (1993-2001),DPF,2,1
MERCEDES,SERIE W202 (1993-2001),DFB,2,2
MERCEDES,SERIE W202 (1993-2001),DPB,2,2
MERCEDES,SERIE W202 (1993-2001),DFBV,2,2
MERCEDES,SERIE W202 (1993-2001),DPBV,2,2
MERCEDES,SERIE W202 (1993-2001),B,2,2
DAEWOO (CHEVROLET),MATIZ,F,2,2
SEAT,INCA VAREBIL,DFF,2,2
SEAT,INCA VAREBIL,DPF,2,2
OPEL,ASTRA,DFFV,2,2
OPEL,ASTRA,SPB1,2,2
PEUGEOT,306,SFB1,2,2
PEUGEOT,306,SPB1,2,2
HYUNDAI,XG,F,2,2
SKODA,FAVORIT,DFB,2,1
SKODA,FAVORIT,DPB,2,1
PEUGEOT,607,F,2,2
MG,5,DFB,2,2
MG,5,DPB,2,2
OPEL,COMBO,BF,2,2
OPEL,COMBO,BP,2,2
ALFA ROMEO,145,SFB2,2,2
ALFA ROMEO,145,SFB3,2,2
NISSAN,200 SX,B,2,2
MG,S5 EV,B,2,2
MG,S5 EV,DFB,2,2
MG,S5 EV,DPB,2,2
VW,POLO,DPBV,2,1
KIA,SEPHIA,DFBV,2,1
KIA,SEPHIA,DPBV,2,1
OPEL,TIGRA,DFF,2,2
OPEL,TIGRA,DPF,2,2
ROVER,400,DFF,2,1
ROVER,400,DPF,2,1
ROVER,400,DFB,2,1
ROVER,400,DPB,2,1
ROVER,400,DFBV,2,1
ROVER,400,DPBV,2,1
ROVER,400,B,2,2
HYUNDAI,ACCENT,SFB1,2,2
HYUNDAI,ACCENT,SPB1,2,2
VW,SHARAN,DFFV,2,2
VW,SHARAN,DPFV,2,2
VW,SHARAN,DFF,2,2
VW,SHARAN,DPF,2,2
SEAT,ALHAMBRA,SPB1,2,2
OPEL,AGILA,F,2,2
KIA,SPORTAGE,DPF,2,2
PEUGEOT,406,DFB,2,2
PEUGEOT,406,DPB,2,2
PEUGEOT,406,DFBV,2,2
PEUGEOT,406,DPBV,2,2
HYUNDAI,TRAJET,F,2,2
FIAT,BRAVO,DFF,2,2
FIAT,BRAVO,DPF,2,2
FIAT,MAREA,DFF,2,1
FIAT,MAREA,DPF,2,1
AUDI,DKW,F,2,2
BMW,I7 XDRIVE,F,2,2
TOYOTA TRUCKS,HI-ACE,DFB,2,2
BMW,5 SERIE,N/A,2,1
MITSUBISHI,CHARISMA,DFB,2,2
MITSUBISHI,CHARISMA,DPB,2,2
MITSUBISHI,CHARISMA,DFFV,2,2
ALFA ROMEO,146,DFB,2,2
SKODA,FELICIA,SFB1,2,2
BMW,MINI COOPER/CLUBMAN,DFB,2,2
BMW,MINI COOPER/CLUBMAN,DPF,2,2
BMW,MINI COOPER/CLUBMAN,DPB,2,2
HYUNDAI,ELANTRA,SFB1,2,2
VOLVO,S 40,B,2,2
SEAT,INCA VAREBIL,SFB1,2,2
HYUNDAI,GALLOPER,DFF,2,2
MERCEDES TRUCKS,VITO,SFB3,2,2
MERCEDES,SERIE W208,DFF,2,2
MERCEDES,SERIE W208,SPB1,2,2
BMW,Z3,DFFV,2,2
BMW,Z3,DPFV,2,2
BMW,Z3,DFF,2,2
BMW,Z3,DPF,2,2
MERCEDES,SERIE W210,SPB1,2,2
PEUGEOT,406,SFB1,2,2
PEUGEOT,406,SPB1,2,2
FIAT,MAREA,DFB,2,2
FIAT,MAREA,DPB,2,2
FIAT,MAREA,DFBV,2,2
FIAT,MAREA,DPBV,2,2
FIAT,MAREA,B,2,2
JAGUAR,XK SERIE,DPFV,2,2
HYUNDAI,2-D COUPE,DFF,2,2
HYUNDAI,2-D COUPE,DPF,2,2
HYUNDAI,2-D COUPE,SPB1,2,2
HONDA,CR-V,DPBV,2,2
VOLVO,C 70 COUPE,DFF,2,2
VOLVO,C 70 COUPE,DPF,2,2
VOLVO,C 70 COUPE,SFB1,2,2
VOLVO,C 70 COUPE,SPB1,2,2
VOLVO,C 70 COUPE,B,2,2
OPEL,SINTRA,B,2,2
SSANGYONG,KORANDO,DPF,2,2
KIA,CREDOS,B,2,2
KIA,MAGNETIS,DPB,2,2
ALFA ROMEO,SPIDER,DFF,2,2
ALFA ROMEO,SPIDER,DPF,2,2
HYUNDAI,MATRIX MPV,F,2,2
MAZDA,TRIBUTE,F,2,2
ROVER,200,DFF,2,2
ROVER,25,DFF,2,2
ROVER,200,DPF,2,2
ROVER,25,DPF,2,2
ROVER,200,B,2,1
DAIHATSU,YRV 5-D,F,2,2
FORD,PUMA,DFF,2,2
FORD,PUMA,DPF,2,2
FORD,PUMA,SFB1,2,2
FORD,PUMA,SPB1,2,2
HONDA,STREAM,F,2,2
SAAB,9-5,DFBV,2,2
SAAB,9-5,DPBV,2,2
DAEWOO (CHEVROLET),LANOS,DFB,2,1
DAEWOO (CHEVROLET),LANOS,DPB,2,1
OPEL,CAMPO,DPF,2,2
OPEL,CAMPO,DFF,2,2
DAIHATSU,TERIOS,DFF,2,2
DAIHATSU,TERIOS,DPF,2,2
DAIHATSU,TERIOS,DFB,2,2
DAIHATSU,TERIOS,DPB,2,2
DAIHATSU,TERIOS,SFB1,2,2
DAIHATSU,TERIOS,SPB1,2,2
PORSCHE,911,DFFV,2,2
PORSCHE,911,DPFV,2,2
MERCEDES,SERIE W163,DFB,2,2
MERCEDES,SERIE W163,DPB,2,2
MERCEDES,SERIE W163,DFBV,2,2
MERCEDES,SERIE W163,SPB1,2,2
MERCEDES,SERIE W163,B,2,2
MERCEDES TRUCKS,ACTROS/AROCKS/ANTOS,DFF,2,2
MERCEDES TRUCKS,ACTROS/AROCKS/ANTOS,DPF,2,2
LEXUS,GS,DFFV,2,2
LEXUS,GS,DPFV,2,2
LANDROVER,FREELANDER,DPFV,2,1
LANDROVER,FREELANDER,DPF,2,2
TOYOTA,STARLET,DFB,2,2
HYUNDAI,H1,SFB3,2,2
HYUNDAI,ATOS,DFF,2,2
HYUNDAI,ATOS,DPF,2,2
HYUNDAI,ATOS,DFB,2,2
HYUNDAI,ATOS,DPB,2,2
HYUNDAI,ATOS,DFBV,2,2
HYUNDAI,ATOS,DPBV,2,2
VOLVO,S 80,DPF,2,2
NISSAN,PATROL,DFF,2,1
NISSAN,PATROL,DPF,2,1
NISSAN,PATROL,DPB,2,1
NISSAN,PATROL,DFBV,2,1
NISSAN,PATROL,SFB2,2,1
NISSAN,PATROL,SPB1,2,1
OPEL,MOVANO,DFFV,2,2
OPEL,MOVANO,DPFV,2,2
OPEL,MOVANO,DPF,2,2
BMW,Z8,F,2,2
AUDI,TT,DFFV,2,2
AUDI,TT,DPFV,2,2
MITSUBISHI,SPACE STAR (MIRAGE),DFB,2,2
MITSUBISHI,SPACE STAR (MIRAGE),DPB,2,2
PEUGEOT,206,DFB,2,2
PEUGEOT,206,DPB,2,2
TOYOTA,PRIUS,DFBV,2,2
TOYOTA,PRIUS,DPBV,2,2
MERCEDES TRUCKS,VANEO,F,2,2
MERCEDES,SERIE W220,B,2,2
OPEL,MONTREY,DFF,2,2
OPEL,MONTREY,DPF,2,2
OPEL,MONTREY,DFB,2,2
OPEL,MONTREY,DPB,2,2
OPEL,MONTREY,DFBV,2,2
OPEL,MONTREY,DPBV,2,2
OPEL,MONTREY,SFB1,2,2
OPEL,MONTREY,SPB1,2,2
OPEL,MONTREY,BF,2,2
DAEWOO (CHEVROLET),MATIZ,DFFV,2,2
DAEWOO (CHEVROLET),MATIZ,DPFV,2,2
DAEWOO (CHEVROLET),MATIZ,DFF,2,2
DAEWOO (CHEVROLET),MATIZ,DPF,2,2
DAEWOO (CHEVROLET),MATIZ,DFB,2,2
DAEWOO (CHEVROLET),MATIZ,DPB,2,2
HYUNDAI,GETZ,F,2,1
JAGUAR,S-TYPE,SPB1,2,2
JAGUAR,S-TYPE,B,2,2
BMW,X2,DFBV,2,2
BMW,X2,DPBV,2,2
BMW,COUNTRYMAN,DFF,2,2
BMW,COUNTRYMAN,SPB1,2,2
BMW,COUNTRYMAN,DPF,2,2
PEUGEOT,607,DFB,2,2
PEUGEOT,607,DPB,2,2
KIA,CARNIVAL,DFF,2,2
BMW,Z4,DPF,2,2
MERCEDES,SERIE W215,DFFV,2,1
MERCEDES,SERIE W215,DPFV,2,1
MERCEDES,SERIE W215,B,2,1
BMW,X7,F,2,2
BMW,X7,DFB,2,2
BMW,X7,DPB,2,2
BMW,8-SERIE,F,2,2
BMW,8-SERIE,B,2,2
BMW,2 SERIE,F,2,2
BMW,2 SERIE,B,2,2
BMW,2 SERIE,SFB1,2,2
BMW,2 SERIE,SPB1,2,2
SMART,FORTWO,DFF,2,2
SMART,FORTWO,DPF,2,2
SMART,FORTWO,DFFV,2,2
SMART,FORTWO,DPFV,2,2
BMW,X6,DPF,2,2
SMART,FORTWO,B,2,2
OPEL,AGILA,DFF,2,2
OPEL,AGILA,DPF,2,2
HYUNDAI,TRAJET,DFFV,2,2
HYUNDAI,TRAJET,DFB,2,2
HYUNDAI,TRAJET,DPB,2,2
HYUNDAI,TRAJET,SFB1,2,2
HYUNDAI,TRAJET,SPB1,2,2
HYUNDAI,TRAJET,B,2,2
TOYOTA,PREVIA,DFB,2,2
TOYOTA,PREVIA,DPB,2,2
HYUNDAI,SANTA FE,DFBV,2,2
HYUNDAI,SANTA FE,DPBV,2,2
FORD,MONDEO,SFB2,2,2
FORD,MONDEO,SPB2,2,2
KIA,PREGIO,B,2,2
PEUGEOT,307,DFFV,2,2
PEUGEOT,307,DPFV,2,2
PEUGEOT,307,DPB,2,2
JAGUAR,X-TYPE,DFFV,2,2
JAGUAR,X-TYPE,B,2,2
HYUNDAI,TERRACAN,DPB,2,2
HYUNDAI,TERRACAN,DFBV,2,2
HYUNDAI,TERRACAN,DPBV,2,2
HYUNDAI,TERRACAN,B,2,2
NISSAN TRUCKS,PRIMASTAR,SPB3,2,2
FIAT,STILO,SFB1,2,2
FIAT,STILO,SPB1,2,2
FIAT,DOBLO,DFF,2,2
FIAT,DOBLO,DPF,2,2
MERCEDES,SERIE W209,DPF,2,1
MERCEDES,SERIE W211 (2002-2009),DPBV,2,2
MERCEDES,SERIE W230,B,2,2
MERCEDES TRUCKS,VANEO,B,2,2
MERCEDES,SERIE W169,F,2,2
MERCEDES,SERIE W245 (B-KLASSE),F,2,2
CITROEN,C8,SFB1,2,2
PEUGEOT,807,SFB1,2,2
CITROEN,C8,SPB1,2,2
PEUGEOT,807,SPB1,2,2
CITROEN,C8,B,2,2
PEUGEOT,807,B,2,2
KIA,SORENTO,DFBV,2,2
KIA,SORENTO,DPBV,2,2
HYUNDAI,GETZ,B,2,1
FORD,FUSION,B,2,2
OPEL,SIGNUM,B,2,2
OPEL,MERIVA,DFF,2,2
KIA,CERATO,F,2,2
NISSAN,MURANO JEEP,F,2,2
PORSCHE,CAYENNE 5D,SFB3,2,2
VW,TOUAREG,SFB3,2,2
VW,TOURAN,DPFV,2,2
VW,TOURAN,DPBV,2,2
LEXUS,IS,SFB1,2,1
LEXUS,IS,SPB1,2,1
HONDA,FR-V,F,2,2
SMART,ROADSTER,DFF,2,1
SMART,ROADSTER,DPF,2,1
SMART,ROADSTER,DFFV,2,1
SMART,ROADSTER,DPFV,2,1
JAGUAR,XJ SERIE,DFFV,2,2
KIA,CARENS,DPF,2,2
BMW,X3,DFBV,2,2
NISSAN,NP300,F,2,2
CITROEN,C2,B,2,2
MAZDA,3,SFB1,2,1
FIAT,PANDA,DFF,2,2
FIAT,PANDA,DFB,2,2
FIAT,PANDA,SFB1,2,2
FIAT,PANDA,SPB1,2,2
KIA,OPIRIUS,DFFV,2,2
MERCEDES TRUCKS,VITO,DFFV,2,2
MERCEDES TRUCKS,VITO,DPFV,2,2
MERCEDES TRUCKS,VIANO,DFB,2,2
MERCEDES TRUCKS,VIANO,DPB,2,2
OPEL,VECTRA,DFFV,2,2
VOLVO,V50,SFB1,2,1
VOLVO,V50,SPB1,2,1
VOLVO,V50,B,2,1
MITSUBISHI,GRANDIS,B,2,2
SEAT,TOLEDO,DFFV,2,2
SEAT,ALTEA,DFB,2,2
SEAT,ALTEA,DPB,2,2
SEAT,ALTEA XL,DPB,2,2
SMART,FORFOUR,DFF,2,2
SMART,FORFOUR,DPF,2,2
SMART,FORFOUR,DPB,2,2
SMART,FORFOUR,B,2,2
SUBARU,OUTBACK,DFF,2,2
SUBARU,OUTBACK,DPF,2,2
MERCEDES,SERIE W219,DFF,2,2
MERCEDES,SERIE W219,DPF,2,2
MERCEDES,SERIE W219,DFB,2,2
MERCEDES,SERIE W219,DPB,2,2
MERCEDES,SERIE W219,B,2,2
PEUGEOT,107,F,2,1
PEUGEOT,407,DPFV,2,1
PEUGEOT,407,SPB1,2,2
RENAULT,MODUS,DPB,2,2
MITSUBISHI,COLT,DFFV,2,1
MITSUBISHI,COLT,DPFV,2,1
MERCEDES,SERIE W169,DFF,2,2
MERCEDES,SERIE W169,DPF,2,2
MERCEDES,SERIE W169,B,2,2
BMW,1 SERIE,DFFV,2,2
ALFA ROMEO,GT,B,2,2
ALFA ROMEO,GT,SFB1,2,2
ALFA ROMEO,GT,DFFV,2,2
NISSAN,MURANO JEEP,DFF,2,2
NISSAN,MURANO JEEP,DPF,2,2
NISSAN,MURANO JEEP,DFB,2,2
KIA,MAGNETIS,F,2,2
NISSAN,MURANO JEEP,DPB,2,2
NISSAN,MURANO JEEP,SFB1,2,2
NISSAN,MURANO JEEP,SPB1,2,2
NISSAN,MURANO JEEP,B,2,2
SSANGYONG,REXTON,SFB1,2,1
SSANGYONG,REXTON,SFB3,2,1
SSANGYONG,REXTON,SPB3,2,1
MERCEDES TRUCKS,VITO,SPB1,2,2
SKODA,OCTAVIA,DFFV,2,2
SKODA,OCTAVIA,DPFV,2,2
HONDA,FR-V,DFFV,2,2
DAEWOO (CHEVROLET),CAPTIVA,F,2,2
OPEL,ANTARA,F,2,2
PEUGEOT,1007,B,2,2
PEUGEOT,1007,SFB1,2,2
MAZDA,5,DFF,2,2
SKODA,ROOMSTER,F,2,2
MAZDA,5,DFB,2,2
MAZDA,5,DPB,2,2
MERCEDES,SERIE W164,SFB1,2,2
MERCEDES,SERIE W164,SPB1,2,2
PEUGEOT,1007,SFB3,2,2
FIAT,SEDICI,F,2,2
LANDROVER,RANGE ROVER,DPFV,2,2
MERCEDES,SERIE W221,DFF,2,2
MERCEDES,SERIE W221,DPF,2,2
MERCEDES,SERIE W221,DFB,2,2
MERCEDES,SERIE W221,DPB,2,2
MERCEDES,SERIE W221,DFBV,2,2
MERCEDES,SERIE W221,B,2,2
NISSAN TRUCKS,NAVARA,SFB1,2,2
NISSAN TRUCKS,NAVARA,SPB1,2,2
KIA,RIO,DFFV,2,2
KIA,RIO,DPFV,2,2
PEUGEOT,107,B,2,1
PEUGEOT,107,DPF,2,2
PEUGEOT,107,DFB,2,2
PEUGEOT,107,DPB,2,2
TOYOTA,RAV,DFFV,2,2
TOYOTA,RAV,DPFV,2,2
SSANGYONG,RODIUS,DFB,2,2
SSANGYONG,RODIUS,SFB1,2,2
TOYOTA,YARIS,DPFV,2,2
ALFA ROMEO,159,DFF,2,1
ALFA ROMEO,159,DPF,2,1
KIA,MAGNETIS,DFF,2,2
VOLVO,C 30,F,2,2
PEUGEOT,4008,SFB1,2,2
PEUGEOT,4008,SPB1,2,2
SSANGYONG,ACTYON,F,2,2
SSANGYONG,KYRON,F,2,2
MERCEDES,SERIE W251,DFF,2,2
MERCEDES,SERIE W251,DPF,2,2
MERCEDES,SERIE W251,DFFV,2,2
MERCEDES,SERIE W251,DPFV,2,2
MERCEDES,SERIE W251,SFB1,2,2
MERCEDES,SERIE W251,SPB1,2,2
ALFA ROMEO,159,DPB,2,2
ALFA ROMEO,159,SFB1,2,2
ALFA ROMEO,159,SPB1,2,2
NISSAN,NOTE,DFF,2,2
NISSAN,NOTE,DPF,2,2
NISSAN,NOTE,DFFV,2,2
NISSAN,NOTE,DPFV,2,2
PEUGEOT TRUCKS,TRAVELLER,SFB1,2,2
PEUGEOT TRUCKS,TRAVELLER,SPB1,2,2
ALFA ROMEO,BRERA,DPF,2,2
DAEWOO (CHEVROLET),CAPTIVA,SFB1,2,2
DAEWOO (CHEVROLET),CAPTIVA,SPB1,2,2
DAEWOO (CHEVROLET),CAPTIVA,B,2,2
HYUNDAI,GRANDEUR,DFB,2,2
CITROEN,DS 7,DFB,2,2
CITROEN,DS 7,DPB,2,2
PEUGEOT,207,DFFV,2,1
PEUGEOT,207,DPFV,2,1
PEUGEOT,207,DPB,2,2
SKODA,ROOMSTER,B,2,2
SKODA,ROOMSTER,DFF,2,2
SKODA,ROOMSTER,SFB1,2,2
CITROEN,DS3,F,2,2
CITROEN,DS3,DFF,2,2
CITROEN,DS3,DPF,2,2
SKODA,ROOMSTER,SPB1,2,2
SUBARU,TRIBECA,B,2,2
VW,EOS,DFF,2,2
FIAT,PUNTO,DFFV,2,1
FIAT,PUNTO,DPBV,2,1
CITROEN,C5 X,F,2,2
CITROEN,C5 X,B,2,2
CITROEN,C5 X,SFB1,2,2
CITROEN,C5 X,SPB1,2,2
VW TRUCKS,CRAFTER VAREBIL,DPFV,2,2
VW TRUCKS,CRAFTER VAREBIL,DPF,2,2
SSANGYONG,ACTYON,DFF,2,1
SSANGYONG,ACTYON,DPF,2,1
SSANGYONG,KYRON,SFB1,2,2
BMW,X5,DFFV,2,2
BMW,X5,DPFV,2,2
CITROEN,C4,DFBV,2,2
LEXUS,LS,DFBV,2,2
LEXUS,LS,DPBV,2,2
CITROEN,VISA,B,2,2
CITROEN TRUCKS,C15,B,2,2
VOLVO,C 30,DFF,2,2
VOLVO,C 30,DPF,2,2
CITROEN,C-CROSSER,DFB,2,2
CITROEN,C-CROSSER,DPB,2,2
PORSCHE,CAYMAN,DPF,2,2
PORSCHE,CAYMAN,B,2,2
KIA,CARENS,DFFV,2,2
KIA,CARENS,DPFV,2,2
MERCEDES,SERIE W204,DFF,2,1
MERCEDES,SERIE W204,DPF,2,1
FIAT TRUCKS,SKUDO,DFF,2,2
SEAT,ALTEA XL,B,2,2
BMW,Z4,SFB1,2,2
BMW,Z4,SPB1,2,2
SSANGYONG,ACTYON,B,2,2
SSANGYONG,ACTYON,DPB,2,2
SSANGYONG,ACTYON,SFB1,2,2
SSANGYONG,ACTYON,SPB1,2,2
KIA,CEED,SFB3,2,2
KIA,CEED,SPB3,2,2
CITROEN,C-CROSSER,B,2,2
PEUGEOT,4007,B,2,2
MAZDA,CX 7,DPF,2,2
MAZDA,CX 7,SFB1,2,2
FIAT,BRAVO,DFB,2,2
FIAT,BRAVO,DPB,2,2
FIAT,BRAVO,DFFV,2,2
FIAT,BRAVO,DPFV,2,2
MERCEDES,SERIE X164 (GL),DFB,2,2
MERCEDES,SERIE X164 (GL),DPB,2,2
MERCEDES,SERIE X164 (GL),DFFV,2,2
MERCEDES,SERIE X164 (GL),DPFV,2,2
MERCEDES,SERIE X164 (GL),SFB1,2,2
MERCEDES,SERIE X164 (GL),SPB1,2,2
MERCEDES,SERIE X164 (GL),B,2,2
MERCEDES TRUCKS,SPRINTER,DFB,2,2
FIAT,500,DFF,2,2
FIAT,500,DPF,2,2
CITROEN TRUCKS,NEMO,B,2,2
PEUGEOT TRUCKS,BIPPER,B,2,2
HYUNDAI,I10,DFF,2,2
CITROEN,C5,DFFV,2,2
RENAULT,TWINGO,B,2,2
OPEL,GT,F,2,2
HYUNDAI,H1,SPB2,2,2
JAGUAR,XF-SERIE,DFF,2,2
JAGUAR,XF-SERIE,DPF,2,2
MERCEDES,SERIE C216,F,2,2
VW,SCIROCCO,SFB1,2,2
VW,SCIROCCO,SPB1,2,2
CITROEN TRUCKS,BERLINGO,DFFV,2,2
PEUGEOT TRUCKS,PARTNER,DFFV,2,2
CITROEN TRUCKS,BERLINGO,DPFV,2,2
PEUGEOT TRUCKS,PARTNER,DPFV,2,2
CITROEN TRUCKS,BERLINGO,DPBV,2,1
RENAULT,KOLEOS,DPF,2,2
RENAULT,KOLEOS,B,2,2
RENAULT,MODUS,SFB1,2,2
RENAULT,MODUS,SPB1,2,2
MERCEDES,SERIE X204,B,2,2
MERCEDES,SERIE X204,DFB,2,2
MERCEDES,SERIE X204,DPB,2,2
MERCEDES,SERIE X204,DFFV,2,2
MERCEDES,SERIE X204,DPFV,2,2
TOYOTA,IQ,B,2,2
DACIA,LOGAN,SFB1,2,2
TOYOTA,URBAN CRUISER,B,2,2
TOYOTA,URBAN CRUISER,DFB,2,2
TOYOTA,URBAN CRUISER,DPB,2,2
TOYOTA,URBAN CRUISER,DFFV,2,2
TOYOTA,URBAN CRUISER,DPFV,2,2
TOYOTA,VERSO,DPF,2,2
TOYOTA,VERSO,DPBV,2,2
HONDA,INSIGHT,B,2,2
NISSAN,370Z,DFF,2,2
NISSAN,370Z,DPF,2,2
SKODA,YETI,DFB,2,2
SKODA,YETI,DPB,2,2
SKODA,YETI,SFB1,2,2
SKODA,YETI,SPB1,2,2
SKODA,YETI,B,2,2
ALFA ROMEO,MITO,SFB1,2,2
ALFA ROMEO,MITO,SPB1,2,2
ALFA ROMEO,MITO,B,2,2
DAEWOO (CHEVROLET),CRUZE,DPFV,2,2
SEAT,EXEO,B,2,2
MERCEDES,SERIE W212,DFBV,2,2
MERCEDES,SERIE W212,SFB1,2,2
MERCEDES,SERIE W212,SPB1,2,2
HYUNDAI,IX20,SFB1,2,2
KIA,VENGA,SFB1,2,2
HYUNDAI,IX20,SPB1,2,2
KIA,VENGA,SPB1,2,2
KIA,VENGA,B,2,2
HYUNDAI,IX35,DFB,2,2
HYUNDAI,IX35,B,2,2
VOLVO,S60,DFFV,2,1
OPEL,COMBO,DFB,2,2
OPEL,COMBO,DPB,2,2
VOLVO,PV/DUETT,F,2,2
SAAB,9-5,DFFV,2,2
SAAB,9-5,DPFV,2,2
MITSUBISHI,ASX,DFB,2,2
MITSUBISHI,ASX,DPB,2,2
ALFA ROMEO,GUILETTA,B,2,2
ALFA ROMEO,GUILETTA,DFB,2,2
ALFA ROMEO,GUILETTA,DPB,2,2
NISSAN,NV 200,DFFV,2,2
NISSAN,NV 200,SFB3,2,2
NISSAN,NV 200,SPB3,2,2
NISSAN,JUKE,DFF,2,2
NISSAN,JUKE,DPF,2,2
AUDI,A1,DFF,2,2
HONDA,CR-Z,B,2,2
KIA,SPORTAGE,DPFV,2,2
TOYOTA,IQ,F,2,2
BMW,X3,DPFV,2,2
NISSAN,MICRA,DPFV,2,2
PEUGEOT,508,DFFV,2,1
PEUGEOT,508,DPFV,2,1
FORD,C-MAX,DFB,2,2
FORD,C-MAX,DPB,2,2
FORD,C-MAX,SFB1,2,2
FORD,C-MAX,SPB1,2,2
HYUNDAI,GENESIS,DFF,2,2
HYUNDAI,GENESIS,DPF,2,2
HYUNDAI,GENESIS,SFB1,2,2
HYUNDAI,GENESIS,SPB1,2,2
HYUNDAI,GENESIS,B,2,2
LEXUS,CT,B,2,2
LEXUS,CT,DFF,2,2
LEXUS,CT,DFB,2,2
LEXUS,CT,DPB,2,2
LEXUS,CT,DFFV,2,2
LEXUS,CT,SFB1,2,2
LEXUS,CT,SPB1,2,2
KIA,OPTIMA,DFF,2,2
KIA,OPTIMA,DPF,2,2
KIA,OPTIMA,DPBV,2,2
KIA,PICANTO,DFFV,2,2
SUBARU,TREZIA,B,2,2
HYUNDAI,VELOSTER,F,2,2
MERCEDES,SERIE W246 (B-KLASSE),B,2,2
HONDA,INSIGHT,F,2,2
MERCEDES,SERIE W246 (B-KLASSE),DFB,2,2
MERCEDES,SERIE W246 (B-KLASSE),DPB,2,2
OPEL,AMPERA,DFFV,2,2
OPEL,AMPERA,DPFV,2,2
OPEL,AMPERA,DFF,2,2
OPEL,AMPERA,DPB,2,2
OPEL,AMPERA,DFBV,2,2
SKODA,CITIGO,DPF,2,2
VW,UP,DPF,2,2
SKODA,CITIGO,DFF,2,2
VW,UP,DFF,2,2
SKODA,CITIGO,SFB1,2,2
VW,UP,SFB1,2,2
SKODA,CITIGO,SPB1,2,2
VW,UP,SPB1,2,2
MAZDA,CX 5,DFF,2,2
MAZDA,CX 5,DPF,2,2
MAZDA,CX 5,DFFV,2,2
SUBARU,XV,DFFV,2,2
SUBARU,XV,DPFV,2,2
SUBARU,XV,DFF,2,2
SUBARU,XV,DPF,2,2
SUBARU,XV,DPBV,2,2
SUBARU,XV,SFB1,2,2
SUBARU,XV,SPB1,2,2
SKODA,CITIGO,DFB,2,2
VW,UP,DFB,2,2
SKODA,CITIGO,DPB,2,2
VW,UP,DPB,2,2
PEUGEOT,208,DFFV,2,1
PEUGEOT,208,DPFV,2,1
PEUGEOT,4008,DFB,2,2
PEUGEOT,4008,DPB,2,2
BMW,6 SERIE,DPB,2,2
BMW,6 SERIE,DFBV,2,2
BMW,6 SERIE,DPBV,2,2
DAEWOO (CHEVROLET),CRUZE,F,2,2
CITROEN,DS 5,DFFV,2,2
CITROEN,DS 5,DFF,2,2
CITROEN,DS 5,DPF,2,2
ISUZU,D-MAX PICK UP,DPF,2,2
FORD,B-MAX,B,2,2
FORD,B-MAX,DFB,2,2
FORD,B-MAX,DPB,2,2
FORD,B-MAX,SFB1,2,2
FORD,B-MAX,SPB1,2,2
OPEL,MOKKA,DFF,2,2
OPEL,MOKKA,DPF,2,2
OPEL,MOKKA,DFBV,2,2
MAZDA TRUCKS,BT-50,B,2,2
SUBARU,FORESTER,DFFV,2,2
SUBARU,FORESTER,DPFV,2,2
RENAULT,CAPTUR,DFFV,2,2
RENAULT,CAPTUR,DPFV,2,2
RENAULT,ZOE (EL BIL),B,2,2
PEUGEOT,308,DFBV,2,2
PEUGEOT,308,DPBV,2,2
OPEL,ADAM,B,2,2
MERCEDES,SERIE W222/217 (S-KLASSE),DFB,2,2
MERCEDES,SERIE W222/217 (S-KLASSE),DPB,2,2
MERCEDES,SERIE W205,DFB,2,2
BMW,MINI PACEMAN,B,2,2
NISSAN,NV 200,F,2,2
NISSAN,PULSAR,DFB,2,2
NISSAN,PULSAR,SFB1,2,2
NISSAN,PULSAR,SPB1,2,2
NISSAN,PULSAR,B,2,2
PEUGEOT,108,B,2,2
SSANGYONG,REXTON,DFBV,2,1
SSANGYONG,REXTON,DPBV,2,1
PORSCHE,MACAN,B,2,2
HYUNDAI,I20,DFBV,2,2
HYUNDAI,I20,DPBV,2,2
SUBARU,LEGACY,DPFV,2,1
PEUGEOT,RCZ,F,2,2
OPEL,KARL,B,2,2
NISSAN TRUCKS,NAVARA,DFB,2,2
NISSAN TRUCKS,NAVARA,DPB,2,2
KIA,SPORTAGE,DPBV,2,2
JAGUAR,F-PACE,DFB,2,2
JAGUAR,F-PACE,DPB,2,2
JAGUAR,F-PACE,B,2,2
MERCEDES,SERIE W213 (E-CLASS),DFF,2,2
MERCEDES,SERIE W213 (E-CLASS),DPF,2,2
SAAB,95-96 V4,F,2,2
MERCEDES,SERIE X253 (GLC),DFBV,2,2
MERCEDES,SERIE X253 (GLC),DPBV,2,2
MERCEDES,SERIE X253 (GLC),SPB1,2,2
ALFA ROMEO,GIULIA,DFBV,2,2
ALFA ROMEO,GIULIA,DPBV,2,2
RENAULT,GRAND SCENIC,DFFV,2,2
RENAULT,GRAND SCENIC,DPFV,2,2
SUBARU,TREZIA,F,2,2
BMW,1500-1800-2000,F,2,2
OPEL,ADAM,F,2,2
DAEWOO (CHEVROLET),NEXIA,DFF,2,1
DAEWOO (CHEVROLET),NEXIA,DPF,2,1
DAEWOO (CHEVROLET),NEXIA,DFB,2,1
OPEL,CASCADA,F,2,2
DAEWOO (CHEVROLET),NEXIA,DPB,2,1
DAEWOO (CHEVROLET),NEXIA,DFFV,2,1
DAEWOO (CHEVROLET),NEXIA,DPFV,2,1
NISSAN,PULSAR,F,2,2
PEUGEOT,108,F,2,2
OPEL,KARL,F,2,2
FIAT,600,DFB,2,2
FIAT,600,DFBV,2,2
FIAT,600,DPB,2,2
FIAT,600,DPBV,2,2
FORD,ECOSPORT,F,2,2
FORD,ECOSPORT,B,2,2
FORD,KA,DFB,2,2
FORD,KA,DPB,2,2
FORD,PUMA,DFB,2,2
FORD,PUMA,DPB,2,2
FORD,EXPLORER,F,2,2
MERCEDES TRUCKS,911-2614,F,2,2
HYUNDAI,IX55,F,2,2
HYUNDAI,IX55,DFB,2,2
HYUNDAI,IX20,N/A,2,2
HYUNDAI,IONIQ,DPBV,2,2
HYUNDAI,KONA,DFF,2,2
HYUNDAI,KONA,DFB,2,2
HYUNDAI,KONA,DPF,2,2
HYUNDAI,KONA,DPB,2,2
HYUNDAI,KONA,SPB1,2,2
VOLVO,P1800,F,2,2
JAGUAR,E-PACE,B,2,2
JAGUAR,E-PACE,SFB1,2,2
JAGUAR,E-PACE,SPB1,2,2
JAGUAR,I-PACE,B,2,2
JAGUAR,I-PACE,DFBV,2,2
JAGUAR,I-PACE,DPBV,2,2
VW,KARMANN GHIA,F,2,2
SCANIA TRUCKS,LB-LBS SERIE,F,2,2
KIA,CEED,N/A,2,1
KIA,STONIC,DFB,2,2
KIA,STINGER,F,2,2
KIA,NIRO (HYBRID) 2016-2022,B,2,2
KIA,NIRO (HYBRID) 2016-2022,DFB,2,2
KIA,NIRO (HYBRID) 2016-2022,DFF,2,2
KIA,NIRO (HYBRID) 2016-2022,DPB,2,2
KIA,NIRO (HYBRID) 2016-2022,DPF,2,2
KIA,EV9,N/A,2,2
KIA,EV9,DFB,2,2
KIA,EV9,SFB1,2,2
KIA,EV9,DPB,2,2
KIA,EV9,SPB1,2,2
KIA,EV5,F,2,2
KIA,EV3,F,2,2
KIA,EV4,F,2,2
KIA,EV4,DFF,2,2
KIA,EV4,DPF,2,2
SAAB,90,F,2,2
SAAB,99,F,2,2
MERCEDES,SERIE W111/112,F,2,2
MAXUS,EUNIQ 5,B,2,2
MAXUS,EUNIQ 5,DFF,2,2
MAXUS,EUNIQ 5,DFB,2,2
MAXUS,EUNIQ 5,DPF,2,2
MAXUS,EUNIQ 5,DPB,2,2
DFSK (SERES),SERES 5,DPB,2,2
MAZDA,CX 30,B,2,2
MAZDA,CX 30,DFB,2,2
MAZDA,CX 30,SFB1,2,2
MAZDA,CX 30,DPB,2,2
MAZDA,CX 30,SPB1,2,2
VW,1302,F,2,2
MERCEDES TRUCKS,LP 608-1113SERIE 314,F,2,2
TOYOTA,MR2,DFF,2,2
TOYOTA,MR2,DPF,2,2
TOYOTA,MR2,SFB1,2,2
VW,1303,B,2,2
MERCEDES,SERIE C197 (SLS),B,2,2
MERCEDES,SERIE C197 (SLS),DFF,2,2
MERCEDES,SERIE C197 (SLS),DPF,2,2
MERCEDES,EQV (W447),DFF,2,2
MERCEDES,EQV (W447),SFB1,2,2
MERCEDES,SERIE W205,DPBV,2,2
MERCEDES,SERIE C218 CLS,B,2,2
MERCEDES,SERIE C218 CLS,DFB,2,2
MERCEDES,SERIE C218 CLS,DPB,2,2
MERCEDES,SERIE C238 2DR COUPE (E-CLASS),B,2,2
MERCEDES,SERIE C238 2DR COUPE (E-CLASS),DFF,2,2
MERCEDES,SERIE C238 2DR COUPE (E-CLASS),DPF,2,2
MERCEDES,SERIE W177 (A-KLASSE),B,2,2
MERCEDES,SERIE W177 (A-KLASSE),DFB,2,2
MERCEDES,SERIE W177 (A-KLASSE),DFBV,2,2
MERCEDES,SERIE W118 (CLA),DFB,2,2
MERCEDES,SERIE W118 (CLA),DFBV,2,2
MERCEDES,SERIE W177 (A-KLASSE),DPB,2,2
MERCEDES,SERIE W177 (A-KLASSE),DPBV,2,2
MERCEDES TRUCKS,SPRINTER,SFB1,2,2
MERCEDES TRUCKS,SPRINTER,SPB2,2,2
MERCEDES,SERIE W108/109 S KLASSE,DPFV,2,2
MERCEDES,SERIE W470 (X GLASS),F,2,2
MERCEDES,SERIE W463 (G-KLASSE),F,2,2
MERCEDES,SERIE W247 (B-KLASSE),B,2,2
MERCEDES,GLA/EQA (H247),B,2,2
MERCEDES,GLA/EQA (H247),DFBV,2,2
MERCEDES,SERIE X167(GLS),DFBV,2,2
MERCEDES,SERIE W167 (GLE-KLASSE),SFB1,2,2
MERCEDES,SERIE X167(GLS),SFB1,2,2
MERCEDES,SERIE X167(GLS),DPBV,2,2
MERCEDES,SERIE W167 (GLE-KLASSE),SPB1,2,2
MERCEDES,SERIE X167(GLS),SPB1,2,2
MERCEDES,EQC,B,2,2
MERCEDES,EQC,DFF,2,2
MERCEDES,EQC,SFB1,2,2
MERCEDES,EQC,DFBV,2,2
MERCEDES,EQC,DPF,2,2
MERCEDES,EQC,SPB1,2,2
MERCEDES,EQC,DPBV,2,2
MERCEDES,SERIE GLB X247,DFB,2,2
MERCEDES,SERIE GLB X247,SFB1,2,2
MERCEDES,SERIE GLB X247,DFBV,2,2
MERCEDES,SERIE GLB X247,DPB,2,2
MERCEDES,SERIE GLB X247,SPB1,2,2
MERCEDES,SERIE GLB X247,DPBV,2,2
MERCEDES,EQS,DFF,2,2
MERCEDES,EQS,DPF,2,2
MERCEDES,EQE (V295-X294),DFF,2,2
MERCEDES,EQE (V295-X294),DFFV,2,2
MERCEDES,EQE (V295-X294),DFB,2,2
MERCEDES,EQE (V295-X294),DPF,2,2
MERCEDES,EQE (V295-X294),DPFV,2,2
MERCEDES,EQE (V295-X294),DPB,2,2
MERCEDES,SERIE C254-X254 (GLC),DFF,2,2
SMART,1,F,2,2
MERCEDES,SERIE W214 E CLASS,DFF,2,1
MERCEDES,SERIE W214 E CLASS,SFB1,2,2
MERCEDES,SERIE W214 E CLASS,DFBV,2,2
MERCEDES,SERIE W214 E CLASS,DPF,2,1
MERCEDES,SERIE W214 E CLASS,SPB1,2,2
MERCEDES,SERIE W214 E CLASS,DPBV,2,2
MITSUBISHI,ECLIPSE,B,2,2
MITSUBISHI,ECLIPSE,DFF,2,2
MITSUBISHI,ECLIPSE,DPF,2,2
ROLLS ROYCE,SILVER SHADOW 4-D,F,2,2
MERCEDES TRUCKS,L406-613SERIE 309,F,2,2
VW,1500,F,2,2
INFINITI,FX35/45,B,2,2
INFINITI,FX35/45,DFF,2,2
INFINITI,FX35/45,DFB,2,2
INFINITI,FX35/45,DPF,2,2
INFINITI,FX35/45,DPB,2,2
NISSAN,SKYLINE,F,2,2
INFINITI,M,F,2,2
INFINITI,Q70,F,2,2
INFINITI,Q50,F,2,2
INFINITI,Q50,B,2,2
MERCEDES,SERIE R107,F,2,2
INFINITI,Q30,B,2,2
INFINITI,Q30,DFB,2,2
INFINITI,Q30,DFBV,2,2
INFINITI,Q30,DPB,2,2
INFINITI,Q30,DPBV,2,2
INFINITI,Q60,F,2,2
MERCEDES,SERIE R107,DPF,2,2
MERCEDES,SERIE R107,DFF,2,2
MERCEDES,SERIE R107,SPB1,2,2
MERCEDES,SERIE R107,SFB1,2,2
OPEL,INSIGNIA,DFBV,2,2
OPEL,INSIGNIA,DPBV,2,2
OPEL,CROSSLAND,F,2,2
OPEL,CROSSLAND,DFB,2,2
OPEL,CROSSLAND,DPF,2,2
OPEL,CROSSLAND,SPB1,2,2
OPEL,GRANDLAND X,DFB,2,2
OPEL,GRANDLAND X,SFB1,2,2
OPEL,GRANDLAND X,DPB,2,2
OPEL,GRANDLAND X,SPB1,2,2
PEUGEOT,301,F,2,2
PEUGEOT,5008,DFB,2,2
PEUGEOT,5008,DPB,2,2
PEUGEOT TRUCKS,PARTNER,DFBV,2,2
PEUGEOT TRUCKS,RIFTER,DFBV,2,2
PEUGEOT TRUCKS,RIFTER,DPBV,2,2
PEUGEOT,208,DFBV,2,2
PEUGEOT,208,DPBV,2,2
PEUGEOT,2008,DFBV,2,2
PEUGEOT,2008,DPBV,2,2
PORSCHE,MACAN,DFF,2,2
PORSCHE,MACAN,DPF,2,2
PORSCHE,MACAN,DPB,2,2
PORSCHE,PANAMERA,SPB1,2,2
MERCEDES,SERIE W123,DFBV,2,2
LANDROVER,DEFENDER,DFB,2,2
LANDROVER,DEFENDER,DFBV,2,2
LANDROVER,DEFENDER,DPB,2,2
LANDROVER,DEFENDER,DPBV,2,2
VOLVO TRUCKS,N SERIE LASTEVOGN,F,2,2
VOLVO TRUCKS,N12,F,2,2
VOLVO TRUCKS,N7,F,2,2
RENAULT,TWIZY (EL_BIL),F,2,2
DACIA,DOKKER,B,2,2
DACIA,SANDERO,DFF,2,2
DACIA,SANDERO,DFBV,2,2
DACIA,SANDERO,DPF,2,2
DACIA,SANDERO,DPBV,2,2
RENAULT,GRAND SCENIC,B,2,2
RENAULT,GRAND SCENIC,DFB,2,2
RENAULT,GRAND SCENIC,SFB1,2,2
RENAULT,GRAND SCENIC,DPB,2,2
RENAULT,GRAND SCENIC,SPB1,2,2
MERCEDES,CITAN (W415/420),DFB,2,2
RENAULT,KANGOO,DFB,2,2
RENAULT,AUSTRAL,DFF,2,2
RENAULT,AUSTRAL,SFB1,2,2
RENAULT,AUSTRAL,SPB1,2,2
MERCEDES TRUCKS,1013-2632 HYTTENR. 381,F,2,2
OPEL,REKORD,DFFV,2,2
OPEL,REKORD,DPFV,2,2
SCANIA TRUCKS,R-SERIE,DFF,2,2
SCANIA TRUCKS,R-SERIE,DPF,2,2
SEAT,ATECA,SFB1,2,2
SEAT,ATECA,SPB1,2,2
SEAT,ARONA,B,2,2
SEAT,ARONA,DFB,2,2
SEAT,ARONA,SFB1,2,2
SEAT,ARONA,DPB,2,2
SEAT,ARONA,SPB1,2,2
SEAT,TARRACO,SFB1,2,2
SEAT,TARRACO,SPB1,2,2
SEAT,TARRACO,DPBV,2,2
MERCEDES,SERIE W126,DFF,2,2
MERCEDES,SERIE W126,DPF,2,2
SKODA,KODIAQ,DFF,2,2
SKODA,KODIAQ,DPBV,2,2
SKODA,KODIAQ,DPF,2,2
SKODA,KAROQ,B,2,2
SKODA,SCALA,DFB,2,2
SKODA,SCALA,SPB1,2,2
SKODA,KAMIQ,B,2,2
SKODA,ENYAQ,DFB,2,2
SKODA,ENYAQ,DFBV,2,2
SKODA,ENYAQ,DPF,2,2
SKODA,ELROQ,F,2,2
SKODA,ELROQ,DFB,2,2
SKODA,ELROQ,SFB1,2,2
SKODA,ELROQ,DFBV,2,2
SKODA,ELROQ,DPB,2,2
SKODA,ELROQ,SPB1,2,2
SKODA,ELROQ,DPBV,2,2
VOLVO TRUCKS,407,F,2,2
VOLVO TRUCKS,609,F,2,2
VOLVO TRUCKS,613,F,2,2
VOLVO TRUCKS,F406,F,2,2
VW,SANTANA,DFF,2,2
VW,SANTANA,DPF,2,2
VW,SANTANA,DFB,2,2
VW,SANTANA,DPB,2,2
VW,SANTANA,DFBV,2,2
VW,SANTANA,DPBV,2,2
VW,DERBY,DFFV,2,2
VW,DERBY,DPFV,2,2
VW,DERBY,DFF,2,2
VW,DERBY,DPF,2,2
TOYOTA,SUPRA,B,2,2
TOYOTA,SUPRA,DFF,2,2
TOYOTA,SUPRA,DPF,2,2
LEXUS,GS,DFBV,2,1
LEXUS,GS,DPBV,2,1
LEXUS,RC,F,2,2
LEXUS,RC,SPB1,2,2
TOYOTA TRUCKS,HI-LUX,DFBV,2,2
TOYOTA TRUCKS,HI-LUX,DPBV,2,2
TOYOTA,SUPRA,F,2,2
TOYOTA,RAV,N/A,2,2
LEXUS,UX,B,2,2
LEXUS,UX,DFF,2,2
LEXUS,UX,DFB,2,2
LEXUS,UX,DFBV,2,2
LEXUS,UX,DPF,2,2
LEXUS,UX,DPB,2,2
LEXUS,UX,DPBV,2,2
TOYOTA,YARIS,N/A,2,2
TOYOTA,MIRAI,F,2,2
ROVER,2000,F,2,2
ROVER,2300,F,2,2
ROVER,2400,F,2,2
ROVER,2600,F,2,2
ROVER,3500,F,2,2
AUDI,A2,B,2,2
AUDI,R8,B,2,2
AUDI,Q5,N/A,2,2
VW,POLO,N/A,2,1
VW,SHARAN,N/A,2,2
VW,UP,N/A,2,1
AUDI,A3,N/A,2,2
MERCEDES,SERIE W201,B,2,1
AUDI,Q2,F,2,2
AUDI,Q2,B,2,2
AUDI,Q2,DFB,2,2
AUDI,Q2,DFBV,2,2
AUDI,Q2,DPB,2,2
AUDI,Q2,DPBV,2,2
VW TRUCKS,CRAFTER VAREBIL,SFB2,2,2
VW TRUCKS,CRAFTER VAREBIL,SPB2,2,2
VW,ARTEON,DFF,2,2
VW,ARTEON,DPF,2,2
VW,TAIGO,DFB,2,2
VW,TAIGO,DPB,2,2
VW,T-ROC,B,2,2
VW,T-ROC,DFF,2,2
VW,T-ROC,DFB,2,2
VW,T-ROC,DFBV,2,2
VW,T-ROC,DPF,2,2
VW,T-ROC,DPB,2,2
VW,T-ROC,DPBV,2,2
AUDI,Q8,B,2,2
AUDI,Q8,SFB1,2,2
VW,T-CROSS,DFB,2,2
VW,T-CROSS,DFBV,2,2
VW,T-CROSS,DPB,2,2
VW,T-CROSS,DPBV,2,2
VW,ID.3 (EL),F,2,2
VW,ID.3 (EL),B,2,2
VW,ID.3 (EL),DFB,2,2
VW,ID.3 (EL),DFBV,2,2
VW,ID.3 (EL),DPB,2,2
VW,ID.3 (EL),DPBV,2,2
VW,ID.5 (EL),B,2,2
VW,ID.4 (EL),B,2,2
VW,ID.4 (EL),DFF,2,2
VW,ID.5 (EL),DFB,2,2
VW,ID.5 (EL),SFB1,2,2
VW,ID.5 (EL),DFBV,2,2
VW,ID.4 (EL),DFB,2,2
VW,ID.4 (EL),SFB1,2,2
VW,ID.4 (EL),DPF,2,2
VW,ID.5 (EL),DPB,2,2
VW,ID.5 (EL),SPB1,2,2
VW,ID.5 (EL),DPBV,2,2
VW,ID.4 (EL),DPB,2,2
VW,ID.4 (EL),SPB1,2,2
AUDI,Q4,DFF,2,2
AUDI,Q4,DPF,2,2
VW,ID.7 (EL),DFB,2,2
VW,ID.7 (EL),DPB,2,2
AUDI,Q6,F,2,2
AUDI,Q6,B,2,2
AUDI,Q6,DFB,2,2
AUDI,Q6,DPB,2,2
PEUGEOT,205,DFB,2,2
PEUGEOT,309,DFB,2,2
PEUGEOT,205,DPB,2,2
PEUGEOT,309,DPB,2,2
PEUGEOT,205,DFBV,2,2
PEUGEOT,309,DFBV,2,2
PEUGEOT,205,DPBV,2,2
PEUGEOT,309,DPBV,2,2
NISSAN,CHERRY,B,2,1
NISSAN,CHERRY,DFF,2,2
NISSAN,CHERRY,DPF,2,2
VOLVO,AMAZON,DFF,2,2
VOLVO,V40,N/A,2,2
VOLVO TRUCKS,FH LASTEVOGN,SFB1,2,2
VOLVO TRUCKS,FH LASTEVOGN,SPB1,2,2
VOLVO,XC 60,N/A,2,2
VOLVO,XC 40,B,2,2
VOLVO,XC 40,DFB,2,2
VOLVO,XC 40,DFBV,2,2
VOLVO,XC 40,DPB,2,2
VOLVO,XC 40,DPBV,2,2
VOLVO,C40,B,2,2
VOLVO,C40,DFB,2,2
VOLVO,C40,DFBV,2,2
VOLVO,C40,DPB,2,2
VOLVO,C40,DPBV,2,2
VOLVO,EX30,F,2,2
VOLVO,EX30,B,2,2
VOLVO,EX30,DFB,2,2
VOLVO,EX30,DFBV,2,2
VOLVO,EX30,DPB,2,2
VOLVO,EX30,DPBV,2,2
POLESTAR,3,F,2,2
VOLVO,EX90,F,2,2
VOLVO,EX90,DFF,2,2
VOLVO,EX90,DFB,2,2
VOLVO,EX90,DPF,2,2
VOLVO,EX90,DPB,2,2
POLESTAR,4,F,2,2
POLESTAR,4,SFB1,2,2
POLESTAR,4,DFB,2,2
POLESTAR,4,SPB1,2,2
POLESTAR,4,DPB,2,2
INEOS,GRENADIER,F,2,2
INEOS,GRENADIER,B,2,2
VW,1200,F,2,2
MASERATI,GRAN SPORT,F,2,2
KEWET,N/A,F,2,1
TESLA,N/A,DFFV,2,1
TESLA,N/A,DFBV,2,1
TESLA,N/A,DPFV,2,1
TESLA,N/A,DPBV,2,1
MAXUS,V80,F,2,2
MASERATI,LEVANTE,DFB,2,2
MASERATI,LEVANTE,DPB,2,2
VW,1303,DPFV,2,2
MERCEDES TRUCKS,L207-309 D210-410 B SERIE 601,F,2,2
PORSCHE,928,F,2,2
MOTORHOMES,KNAUS,F,2,2
MOTORHOMES,BAVARIA,F,2,2
MOTORHOMES,AUTOSTAR,F,2,2
MOTORHOMES,NIESMANN BISCHOFF,N/A,2,2
USA CARS,CHRYSLER,N/A,2,2
USA CARS,HUMMER,SFB1,2,2
USA CARS,CHRYSLER,DPFV,2,2
USA CARS,DODGE,DPFV,2,2
USA CARS,DODGE,DFFV,2,2
BYD,ATTO,F,2,2
BYD,ATTO,B,2,2
BYD,ATTO,DFB,2,2
BYD,ATTO,DPB,2,2
BYD,SEAL,B,2,2
BYD,SEAL,DFF,2,2
BYD,SEAL,DFB,2,2
BYD,SEAL,DPF,2,2
BYD,SEAL,DPB,2,2
BYD,DOLPHIN,F,2,2
BYD,DOLPHIN,B,2,2
BYD,DOLPHIN,DFF,2,2
BYD,DOLPHIN,DFB,2,2
BYD,DOLPHIN,DPF,2,2
BYD,DOLPHIN,DPB,2,2
HONGQI,N/A,F,2,1
HONGQI,N/A,DFF,2,1
HONGQI,N/A,DPF,2,1
XPENG,P7,F,2,2
DONGFENG,N/A,F,2,1
DFSK (SERES),SERES 5,F,2,2
DFSK (SERES),SERES 5,B,2,2
JAC (CH),E-JS4,DPBV,2,2
ZEEKR,N/A,F,2,2
TOYOTA TRUCKS,TACOMA,B,2,2
INFINITI,G35,F,2,2
NISSAN,QUEST,F,2,2
TOYOTA TRUCKS,TACOMA,F,2,2
INFINITI,EX,F,2,2
HONDA,RIDGELINE,F,2,2
DAIHATSU,CUORE,DFFV,1,1
MERCEDES,GELANDEWAGEN,DFF,1,1
NISSAN,160J,F,1,1
VOLVO TRUCKS,N SERIE LASTEVOGN,DFF,1,1
VOLVO TRUCKS,N12,DFF,1,1
VOLVO TRUCKS,N7,DFF,1,1
MERCEDES TRUCKS,1626-2644SUPER CAB HYTTENR 389,DFFV,1,1
MERCEDES TRUCKS,L 507,DFFV,1,1
MERCEDES TRUCKS,LN 709-1317 SERIE 673,DFFV,1,1
MERCEDES TRUCKS,L 507,DFF,1,1
MERCEDES TRUCKS,LN 709-1317 SERIE 673,DFF,1,1
VOLVO TRUCKS,FH LASTEVOGN,B,1,1
SUBARU,1600,F,1,1
SUBARU,1800,F,1,1
FORD TRUCKS,CARGO. LASTEBIL,F,1,1
MITSUBISHI,SAPPORO,F,1,1
DAIHATSU,CHARMANT,F,1,1
DAIHATSU,CUORE,F,1,1
MITSUBISHI,STARION COUPE,F,1,1
MITSUBISHI,CORDIA COUPE,F,1,1
MITSUBISHI,TREDIA,F,1,1
HYUNDAI,GALLOPER,F,1,1
ROLLS ROYCE,SILVER SPIRIT,F,1,1
ROLLS ROYCE,SILVER SPUR,F,1,1
NISSAN TRUCKS,CMA,F,1,1
ISUZU,ASCA 4D SED,F,1,1
SUBARU,XT TURBO COUPE,F,1,1
ALFA ROMEO,75,F,1,1
SUBARU,E10,F,1,1
SAAB,9000,F,1,1
NISSAN TRUCKS,E 24 KING VAN VAREVOGN,F,1,1
MAZDA,121,F,1,1
DAF,VH 400 PICK UP,F,1,1
DAF,VH 400.KASSEVOGN,F,1,1
VW TRUCKS,TARO PICK-UP,F,1,1
LANCIA,DEDRA,F,1,1
ALFA ROMEO,33,F,1,1
PORSCHE,964,F,1,1
HYUNDAI,SCOUPE,F,1,1
MITSUBISHI,SIGMA,F,1,1
MAZDA,MX-3,F,1,1
MAZDA,MX-6,F,1,1
RENAULT,SAFRANE,F,1,1
MAZDA,XEDOS 6,F,1,1
SUBARU,DOMINGO/LIBERO,F,1,1
NISSAN TRUCKS,SERENA 5-D MINI VAN,F,1,1
IVECO (FIAT) TRUCKS,IVECO LAST EUROTECH,F,1,1
ROVER,600,F,1,1
MAZDA,XEDOS 9,F,1,1
ALFA ROMEO,145,F,1,1
ROVER,45,F,1,1
SSANGYONG,MUSSO,F,1,1
SSANGYONG,FAMILY,F,1,1
DAEWOO (CHEVROLET),ESPERO,F,1,1
NISSAN,PRAIRIE,SPB3,1,1
ISUZU,WFR 510 VAN,DFF,1,1
LAMBORGHINI,DIABLO,F,1,1
SUBARU,1600,B,1,1
MAZDA TRUCKS,E1600-2200 VAREVOGN,SPB1,1,1
MAZDA TRUCKS,E1600-2200 VAREVOGN,DFF,1,1
MAZDA TRUCKS,E1600-2200 VAREVOGN,DPF,1,1
KIA,PRIDE,F,1,1
SAAB,9000,SFB1,1,1
SAAB,9000,SPB1,1,1
MITSUBISHI,SPACE WAGON,DFBV,1,1
MITSUBISHI,SPACE WAGON,DPBV,1,1
NISSAN,BLUEBIRD,DPBV,1,1
DAIHATSU,COPEN,F,1,1
LANCIA,Y 10,DFF,1,1
LANCIA,Y 10,DPF,1,1
LANCIA,Y 10,SFB1,1,1
LANCIA,Y 10,SPB1,1,1
MAZDA,MAXI CAB,B,1,1
MAZDA,MAXI CAB,DFFV,1,1
MAZDA TRUCKS,B 2000 PICK UP,DFFV,1,1
MAZDA,MAXI CAB,DPFV,1,1
MAZDA TRUCKS,B 2000 PICK UP,DPFV,1,1
FIAT,BARCHETTA,F,1,1
FIAT TRUCKS,STRADA,F,1,1
MERCEDES,SERIE W170,F,1,1
MITSUBISHI,LANCER,SPB1,1,1
ALFA ROMEO,4C,DFF,1,1
ALFA ROMEO,4C,DPF,1,1
ALFA ROMEO,STELVIO,B,1,1
ALFA ROMEO,STELVIO,DFF,1,1
ALFA ROMEO,STELVIO,DFBV,1,1
ALFA ROMEO,STELVIO,DPF,1,1
ALFA ROMEO,STELVIO,DPBV,1,1
ALFA ROMEO,TONALE,F,1,1
ALFA ROMEO,TONALE,B,1,1
ALFA ROMEO,TONALE,DFF,1,1
ALFA ROMEO,TONALE,DFB,1,1
ALFA ROMEO,TONALE,DFBV,1,1
ALFA ROMEO,TONALE,DPF,1,1
ALFA ROMEO,TONALE,DPB,1,1
ALFA ROMEO,TONALE,DPBV,1,1
VOLVO,400 SERIE,DFFV,1,1
ALFA ROMEO,JUNIOR,F,1,1
ALFA ROMEO,JUNIOR,B,1,1
KIA,CLARUS,F,1,1
KIA,CREDOS,F,1,1
LADA / TOGLIATTI,SAMARA,SFB1,1,1
LADA / TOGLIATTI,SAMARA,SPB1,1,1
ALFA ROMEO,75,B,1,1
NISSAN TRUCKS,KING CAB,DPF,1,1
NISSAN TRUCKS,KING CAB,DFF,1,1
NISSAN TRUCKS,KING CAB,SFB1,1,1
NISSAN TRUCKS,KING CAB,SPB1,1,1
LANCIA,THEMA,DFF,1,1
FIAT,CROMA,DPF,1,1
LANCIA,THEMA,DPF,1,1
LANCIA,THEMA,DFB,1,1
LANCIA,THEMA,DPB,1,1
FIAT,CROMA,DFBV,1,1
LANCIA,THEMA,DFBV,1,1
FIAT,CROMA,DPBV,1,1
LANCIA,THEMA,DPBV,1,1
OPEL,SINTRA,F,1,1
SAAB,900,DFFV,1,1
MAZDA,929,DFF,1,1
MAZDA,929,DPF,1,1
MAZDA,929,DFB,1,1
MAZDA,929,DPB,1,1
MAZDA,929,DFBV,1,1
MAZDA,929,DPBV,1,1
MAZDA,929,B,1,1
PEUGEOT,309,SPB1,1,1
DAIHATSU,ROCKY,B,1,1
TOYOTA,LANDCRUISER,BF,1,1
TOYOTA,LANDCRUISER,BP,1,1
ALFA ROMEO,GTV,F,1,1
ALFA ROMEO,164,B,1,1
ALFA ROMEO,164,DFF,1,1
ALFA ROMEO,164,DPF,1,1
ALFA ROMEO,164,DFB,1,1
ALFA ROMEO,164,DPB,1,1
ALFA ROMEO,164,DFBV,1,1
ALFA ROMEO,164,DPBV,1,1
MAZDA,121,SPB1,1,1
MAZDA,121,B,1,1
CITROEN,AX,DFB,1,1
CITROEN,AX,DPB,1,1
CITROEN,AX,SFB1,1,1
TOYOTA,CARINA,DFB,1,1
TOYOTA,CARINA,DPB,1,1
TOYOTA,CARINA,DFBV,1,1
TOYOTA,CARINA,DPBV,1,1
VOLVO,S 70,F,1,1
VW,CORRADO COUPE,DFF,1,1
VW,CORRADO COUPE,DPF,1,1
VW,CORRADO COUPE,SFB1,1,1
VW,CORRADO COUPE,SPB1,1,1
VW,CORRADO COUPE,B,1,1
PEUGEOT,106,DPBV,1,1
SUBARU,JUSTY,DPBV,1,1
SUBARU,JUSTY,SFB1,1,1
SUBARU,JUSTY,SPB1,1,1
NISSAN,PRAIRIE,B,1,1
NISSAN,PRAIRIE,DFF,1,1
NISSAN,PRAIRIE,DPB,1,1
NISSAN,PRAIRIE,DFBV,1,1
NISSAN,PRAIRIE,DPBV,1,1
MITSUBISHI TRUCKS,L-300 VAREVOGN,SPB1,1,1
MITSUBISHI TRUCKS,L-300 VAREVOGN,SFB2,1,1
SEAT,AROSA,F,1,1
VW,LUPO,F,1,1
VW TRUCKS,TARO PICK-UP,DFF,1,1
VW TRUCKS,TARO PICK-UP,DPF,1,1
VW TRUCKS,TARO PICK-UP,SFB1,1,1
VW TRUCKS,TARO PICK-UP,SPB1,1,1
VW TRUCKS,TARO PICK-UP,B,1,1
OPEL,CAMPO,B,1,1
NISSAN,PRAIRIE,DFFV,1,1
NISSAN,PRAIRIE,DPFV,1,1
LADA / TOGLIATTI,SAMARA,DFB,1,1
LADA / TOGLIATTI,SAMARA,DPB,1,1
LADA / TOGLIATTI,SAMARA,DFBV,1,1
LADA / TOGLIATTI,SAMARA,DPBV,1,1
NISSAN TRUCKS,KUBISTAR,F,1,1
DAEWOO (CHEVROLET),LEGANZA,F,1,1
DAIHATSU,APPLAUSE,DFF,1,1
DAIHATSU,APPLAUSE,DPF,1,1
DAIHATSU,APPLAUSE,DFB,1,1
DAIHATSU,APPLAUSE,DPB,1,1
DAIHATSU,APPLAUSE,B,1,1
PEUGEOT,605,B,1,1
PEUGEOT,605,DFF,1,1
PEUGEOT,605,DPF,1,1
PEUGEOT,605,DFB,1,1
PEUGEOT,605,DPB,1,1
PEUGEOT,605,DFBV,1,1
PEUGEOT,605,DPBV,1,1
PORSCHE,911,N/A,1,1
PORSCHE,996,N/A,1,1
TOYOTA,PREVIA,SFB1,1,1
TOYOTA,PREVIA,SPB1,1,1
NISSAN,LAUREL,DFF,1,1
NISSAN,LAUREL,DPF,1,1
NISSAN,LAUREL,DFB,1,1
NISSAN,LAUREL,DPB,1,1
MITSUBISHI,SIGMA,DFF,1,1
MITSUBISHI,SIGMA,DPF,1,1
MITSUBISHI,SIGMA,DFB,1,1
MITSUBISHI,SIGMA,DPB,1,1
MITSUBISHI,SIGMA,B,1,1
TOYOTA TRUCKS,HI-ACE,BF,1,1
HYUNDAI,PONY,SFB1,1,1
HYUNDAI,PONY,SPB1,1,1
PORSCHE,914,F,1,1
HYUNDAI,PONY,DFB,1,1
HYUNDAI,PONY,DPB,1,1
HYUNDAI,PONY,DFBV,1,1
HYUNDAI,PONY,DPBV,1,1
VOLVO,S 70,DFF,1,1
VOLVO,S 70,DPF,1,1
VOLVO,S 70,DFB,1,1
VOLVO,S 70,DPB,1,1
MITSUBISHI,SPACE RUNNER,DFF,1,1
MITSUBISHI,SPACE RUNNER,DPF,1,1
MITSUBISHI,SPACE RUNNER,SPB2,1,1
MITSUBISHI,SPACE RUNNER,B,1,1
MERCEDES,SERIE W140,DPF,1,1
MERCEDES,SERIE W140,DFF,1,1
MERCEDES,SERIE W140,DPBV,1,1
MERCEDES,SERIE W140,DFBV,1,1
MERCEDES,SERIE W140,B,1,1
OPEL,FRONTERA,SFB1,1,1
OPEL,FRONTERA,SPB1,1,1
OPEL,FRONTERA,B,1,1
ISUZU,TROOPER JEEP,DFBV,1,1
ISUZU,TROOPER JEEP,DPBV,1,1
FIAT,TEMPRA,SFB1,1,1
FIAT,TEMPRA,SPB1,1,1
MAZDA,MX-3,DFF,1,1
MAZDA,MX-3,DPF,1,1
MAZDA,MX-3,B,1,1
HONDA,PRELUDE,N/A,1,1
VOLVO,800 SERIE,B,1,1
KIA,SHUMA,F,1,1
PEUGEOT,106,DFB,1,1
PEUGEOT,106,DPB,1,1
OPEL,ASTRA,DFBV,1,1
NISSAN TRUCKS,SERENA 5-D MINI VAN,DFF,1,1
NISSAN TRUCKS,SERENA 5-D MINI VAN,DPF,1,1
NISSAN TRUCKS,SERENA 5-D MINI VAN,SFB1,1,1
NISSAN TRUCKS,SERENA 5-D MINI VAN,SFB2,1,1
NISSAN TRUCKS,SERENA 5-D MINI VAN,SPB2,1,1
MITSUBISHI,PAJERO,SPB2,1,1
MITSUBISHI,PAJERO,SFB2,1,1
ROVER,600,DFF,1,1
ROVER,600,DPF,1,1
HONDA,LEGEND,SPB1,1,1
HYUNDAI,SONATA,DFBV,1,1
HYUNDAI,SONATA,DPBV,1,1
HONDA,LOGO,F,1,1
ROVER,600,SFB1,1,1
ROVER,600,SPB1,1,1
ROVER,600,DFFV,1,1
ROVER,600,DPFV,1,1
DAIHATSU,CHARADE,DFBV,1,1
DAIHATSU,CHARADE,DPBV,1,1
NISSAN,PATHFINDER,DPF,1,1
NISSAN TRUCKS,TERRANO,DFB,1,1
NISSAN,PATHFINDER,DPB,1,1
MG,2021- (HS),F,1,1
MG,5,F,1,1
MG,5,B,1,1
AUDI,A2,F,1,1
MG,5,DFF,1,1
MG,5,SFB1,1,1
MG,5,DPF,1,1
MG,5,SPB1,1,1
MG,MARVEL,F,1,1
MG,MARVEL,B,1,1
MG,MARVEL,DFF,1,1
MG,MARVEL,DFB,1,1
MG,MARVEL,SFB1,1,1
MG,MARVEL,DPF,1,1
MG,MARVEL,DPB,1,1
MG,MARVEL,SPB1,1,1
CITROEN TRUCKS,EVASION,DPFV,1,1
CITROEN TRUCKS,JUMPY,DPFV,1,1
FIAT TRUCKS,SKUDO,DPFV,1,1
PEUGEOT TRUCKS,EXPERT,DPFV,1,1
MG,4,B,1,1
MG,4,DFF,1,1
MG,4,DFFV,1,1
MG,4,DFB,1,1
MG,4,DPF,1,1
MG,4,DPFV,1,1
MG,4,DPB,1,1
ALFA ROMEO,145,DFF,1,1
ALFA ROMEO,145,DPF,1,1
MAZDA,PREMACY MINIVAN,F,1,1
MG,CYBERSTER,F,1,1
MG,CYBERSTER,DFF,1,1
MG,CYBERSTER,DPF,1,1
MG,S5 EV,F,1,1
MG,S5 EV,DFF,1,1
MG,S5 EV,SFB1,1,1
MG,S5 EV,DPF,1,1
MG,S5 EV,SPB1,1,1
MG,IM 6 EV,F,1,1
MG,IM 6 EV,B,1,1
MG,IM 6 EV,DFF,1,1
MG,IM 6 EV,DFB,1,1
MG,IM 6 EV,DPF,1,1
MG,IM 6 EV,DPB,1,1
HONDA,S2000,F,1,1
CITROEN TRUCKS,EVASION,DFF,1,1
CITROEN TRUCKS,EVASION,DPF,1,1
CITROEN TRUCKS,EVASION,DFB,1,1
CITROEN TRUCKS,EVASION,DPB,1,1
CITROEN TRUCKS,EVASION,SFB1,1,1
CITROEN TRUCKS,EVASION,SPB1,1,1
KIA,SEPHIA,B,1,1
OPEL,TIGRA,B,1,1
KIA,CARNIVAL,DPFV,1,1
AUDI,A8,N/A,1,1
SEAT,ALHAMBRA,DFFV,1,1
SEAT,ALHAMBRA,DPFV,1,1
SEAT,ALHAMBRA,DFF,1,1
SEAT,ALHAMBRA,DPF,1,1
SEAT,ALHAMBRA,DFB,1,1
CITROEN,XANTIA,SFB1,1,1
CITROEN,XANTIA,SPB1,1,1
MITSUBISHI,SPACE GEAR,B,1,1
MITSUBISHI TRUCKS,L-400 VAREVOGN,B,1,1
MITSUBISHI,SPACE GEAR,DFF,1,1
MITSUBISHI TRUCKS,L-400 VAREVOGN,DFF,1,1
MITSUBISHI,SPACE GEAR,DPF,1,1
MITSUBISHI TRUCKS,L-400 VAREVOGN,DPF,1,1
FIAT,BRAVO,SFB1,1,1
FIAT,BRAVO,SPB1,1,1
FIAT,BRAVA,DFF,1,1
FIAT,BRAVA,DPF,1,1
FIAT,BRAVA,DFB,1,1
FIAT,BRAVA,DPB,1,1
FIAT,BRAVA,B,1,1
SCANIA TRUCKS,R 4-SERIE,B,1,1
SCANIA TRUCKS,R 4-SERIE,DFF,1,1
SCANIA TRUCKS,R 4-SERIE,DPF,1,1
SCANIA TRUCKS,R 4-SERIE,SFB1,1,1
BMW,IX (XDRIVE40-50),B,1,1
BMW,IX (XDRIVE40-50),DFF,1,1
BMW,IX (XDRIVE40-50),DFFV,1,1
BMW,IX (XDRIVE40-50),DFB,1,1
BMW,IX (XDRIVE40-50),DPF,1,1
BMW,IX (XDRIVE40-50),DPB,1,1
TOYOTA TRUCKS,HI-ACE,SPB2,1,1
TOYOTA TRUCKS,HI-ACE,SPB3,1,1
TOYOTA TRUCKS,HI-ACE,DPBV,1,1
BMW,I7 XDRIVE,B,1,1
BMW,I7 XDRIVE,DFF,1,1
BMW,I7 XDRIVE,DFB,1,1
BMW,I7 XDRIVE,DPF,1,1
BMW,I7 XDRIVE,DPB,1,1
TOYOTA TRUCKS,HI-ACE,SFB3,1,1
BMW,XM,F,1,1
BMW,XM,B,1,1
BMW,XM,DFF,1,1
BMW,XM,DFB,1,1
BMW,XM,SFB1,1,1
BMW,XM,DPF,1,1
BMW,XM,DPB,1,1
BMW,XM,SPB1,1,1
MITSUBISHI,CHARISMA,DPBV,1,1
BMW,X2,SFB1,1,1
BMW,X2,SPB1,1,1
ALFA ROMEO,146,B,1,1
ALFA ROMEO,146,DFF,1,1
ALFA ROMEO,146,DPF,1,1
HYUNDAI,ELANTRA,SPB1,1,1
BMW,X3,N/A,1,1
VOLVO,S 40,SFB2,1,1
VOLVO,S 40,SPB2,1,1
SSANGYONG,MUSSO,DFF,1,1
SSANGYONG,MUSSO,DPF,1,1
SSANGYONG,MUSSO,DFB,1,1
SSANGYONG,MUSSO,DPB,1,1
SSANGYONG,MUSSO,DFBV,1,1
SSANGYONG,MUSSO,DPBV,1,1
SSANGYONG,MUSSO,SFB1,1,1
SSANGYONG,MUSSO,SPB1,1,1
SSANGYONG,MUSSO,B,1,1
OPEL,TIGRA,DFFV,1,1
OPEL,TIGRA,DPFV,1,1
SEAT,INCA VAREBIL,SPB1,1,1
SEAT,INCA VAREBIL,SPB2,1,1
DAIHATSU,ROCKY,DFF,1,1
DAIHATSU,ROCKY,DPF,1,1
DAEWOO (CHEVROLET),LEZZO,F,1,1
DAEWOO (CHEVROLET),TACUMA,F,1,1
CITROEN,SAXO,B,1,1
MERCEDES,SERIE W170,B,1,1
MERCEDES,SERIE W170,DFF,1,1
MERCEDES,SERIE W170,SFB1,1,1
MERCEDES,SERIE W170,SPB1,1,1
MERCEDES,SERIE W202 (1993-2001),SFB1,1,1
MERCEDES,SERIE W202 (1993-2001),SPB1,1,1
TOYOTA,PICNIC,B,1,1
TOYOTA,PICNIC,DFF,1,1
TOYOTA,PICNIC,DPF,1,1
TOYOTA,PICNIC,DFB,1,1
TOYOTA,PICNIC,DPB,1,1
KIA,PREGIO,F,1,1
FIAT,MAREA,SFB1,1,1
VETERAN CARS (NOT USA),MG,DPB,1,1
HYUNDAI,2-D COUPE,DFFV,1,1
OPEL,SINTRA,DFF,1,1
OPEL,SINTRA,DPF,1,1
SSANGYONG,KORANDO,SFB1,1,1
SSANGYONG,KORANDO,SPB1,1,1
ROLLS ROYCE,SILVER CLOUD,F,1,1
KIA,BESTA,DFF,1,1
KIA,BESTA,DPF,1,1
KIA,CLARUS,DFF,1,1
KIA,CREDOS,DFF,1,1
KIA,CLARUS,DPF,1,1
KIA,CREDOS,DPF,1,1
KIA,CLARUS,DPB,1,1
KIA,CLARUS,DFB,1,1
KIA,PRIDE,B,1,1
KIA,PRIDE,DFF,1,1
KIA,PRIDE,DPF,1,1
KIA,PRIDE,DFB,1,1
KIA,PRIDE,DPB,1,1
KIA,PRIDE,DFBV,1,1
KIA,PRIDE,DPBV,1,1
KIA,PRIDE,SFB1,1,1
KIA,PRIDE,SPB1,1,1
MITSUBISHI,CHARISMA,DPFV,1,1
ROVER,200,SFB1,1,1
ROVER,25,SFB1,1,1
ROVER,200,SPB1,1,1
ROVER,25,SPB1,1,1
ROVER,200,DFB,1,1
ROVER,25,DFB,1,1
ROVER,200,DPB,1,1
ROVER,25,DPB,1,1
ROVER,200,DFFV,1,1
ROVER,25,DFFV,1,1
ROVER,200,DPFV,1,1
ROVER,25,DPFV,1,1
CITROEN,SAXO,DFF,1,1
CITROEN,SAXO,DPF,1,1
CITROEN,SAXO,SFB1,1,1
CITROEN,SAXO,SPB2,1,1
VOLVO,S 70,SFB1,1,1
VOLVO,S 70,SPB1,1,1
VOLVO,S 70,B,1,1
CITROEN TRUCKS,BERLINGO,SFB3,1,1
CITROEN TRUCKS,BERLINGO,SPB3,1,1
MERCEDES,SERIE W168,DFFV,1,1
MERCEDES,SERIE W168,DPFV,1,1
MERCEDES,SERIE W168,DFF,1,1
MERCEDES,SERIE W168,DPF,1,1
MERCEDES,SERIE W168,DFB,1,1
MERCEDES,SERIE W168,DPB,1,1
MERCEDES,SERIE W168,SFB1,1,1
MERCEDES,SERIE W168,SPB1,1,1
MERCEDES,SERIE W168,SFB2,1,1
MERCEDES,SERIE W168,SPB2,1,1
MERCEDES,SERIE W168,B,1,1
KIA,SHUMA,DFF,1,1
KIA,SHUMA,DPF,1,1
KIA,SHUMA,DFB,1,1
KIA,SHUMA,DPB,1,1
KIA,SHUMA,B,1,1
SEAT,AROSA,DFF,1,1
VW,LUPO,DFF,1,1
SEAT,AROSA,DPF,1,1
VW,LUPO,DPF,1,1
SEAT,AROSA,SFB1,1,1
VW,LUPO,SFB1,1,1
SEAT,AROSA,SPB1,1,1
VW,LUPO,SPB1,1,1
SEAT,AROSA,B,1,1
OPEL,SPEEDSTER,F,1,1
VW,BORA,DFF,1,1
VW,BORA,DPF,1,1
ALFA ROMEO,156,DFF,1,1
ALFA ROMEO,156,DPF,1,1
ALFA ROMEO,156,DFB,1,1
ALFA ROMEO,156,DPB,1,1
ALFA ROMEO,156,B,1,1
BMW,Z3,SFB1,1,1
BMW,Z3,SPB1,1,1
BMW,Z3,B,1,1
DAEWOO (CHEVROLET),LANOS,DFFV,1,1
DAEWOO (CHEVROLET),LANOS,DPFV,1,1
DAEWOO (CHEVROLET),LANOS,B,1,1
DAEWOO (CHEVROLET),LEGANZA,DFF,1,1
DAEWOO (CHEVROLET),LEGANZA,DPF,1,1
DAEWOO (CHEVROLET),LEGANZA,DFB,1,1
DAEWOO (CHEVROLET),LEGANZA,DPB,1,1
DAEWOO (CHEVROLET),LEGANZA,DFFV,1,1
DAEWOO (CHEVROLET),LEGANZA,DPFV,1,1
DAEWOO (CHEVROLET),LEGANZA,B,1,1
LANDROVER,FREELANDER,DPB,1,1
LANDROVER,FREELANDER,DFBV,1,1
LANDROVER,FREELANDER,DPBV,1,1
NISSAN TRUCKS,KUBISTAR,DFF,1,1
NISSAN TRUCKS,KUBISTAR,DPF,1,1
FERRARI,430,F,1,1
PORSCHE,996,DPF,1,1
PORSCHE,996,DFFV,1,1
PORSCHE,996,DPFV,1,1
PORSCHE,996,B,1,1
MERCEDES,SERIE W163,DFF,1,1
MERCEDES,SERIE W163,DPF,1,1
LEXUS,SC,F,1,1
HYUNDAI,H1,SPB3,1,1
HYUNDAI,H1,SFB1,1,1
HYUNDAI,H1,SPB1,1,1
VW,LUPO,B,1,1
VOLVO,S 80,SPB1,1,1
NISSAN TRUCKS,INTERSTAR,DFFV,1,1
NISSAN TRUCKS,INTERSTAR,DPFV,1,1
NISSAN TRUCKS,INTERSTAR,DFF,1,1
NISSAN TRUCKS,INTERSTAR,DPF,1,1
LEXUS,SC,DPF,1,1
LEXUS,SC,DFFV,1,1
LEXUS,SC,DPFV,1,1
MAZDA,DEMIO MINIVAN,DFF,1,1
MAZDA,DEMIO MINIVAN,DPF,1,1
MAZDA,DEMIO MINIVAN,DFB,1,1
MAZDA,DEMIO MINIVAN,DPB,1,1
MAZDA,DEMIO MINIVAN,DFBV,1,1
MAZDA,DEMIO MINIVAN,DPBV,1,1
MAZDA,DEMIO MINIVAN,SFB1,1,1
MAZDA,DEMIO MINIVAN,SPB1,1,1
MAZDA,DEMIO MINIVAN,B,1,1
LEXUS,SC,B,1,1
ALFA ROMEO,166,DFF,1,1
ALFA ROMEO,166,DPF,1,1
ALFA ROMEO,166,DFB,1,1
ALFA ROMEO,166,DPB,1,1
ALFA ROMEO,166,B,1,1
MITSUBISHI,SPACE STAR (MIRAGE),DFF,1,1
MITSUBISHI,SPACE STAR (MIRAGE),DPF,1,1
MITSUBISHI,SPACE STAR (MIRAGE),SFB1,1,1
MITSUBISHI,SPACE STAR (MIRAGE),SPB1,1,1
FIAT TRUCKS,MULTIPLA MINIVAN,DFF,1,1
FIAT TRUCKS,MULTIPLA MINIVAN,DPF,1,1
FIAT TRUCKS,MULTIPLA MINIVAN,DFB,1,1
FIAT TRUCKS,MULTIPLA MINIVAN,DPB,1,1
FIAT TRUCKS,MULTIPLA MINIVAN,SFB1,1,1
FIAT TRUCKS,MULTIPLA MINIVAN,SPB1,1,1
FIAT TRUCKS,MULTIPLA MINIVAN,B,1,1
SEAT,LEON,DFBV,1,1
SEAT,LEON,DPBV,1,1
VW,BORA,DFB,1,1
VW,BORA,DPB,1,1
VW,BORA,DFBV,1,1
VW,BORA,DPBV,1,1
VW,BORA,B,1,1
MERCEDES,SERIE W220,DPF,1,1
MERCEDES,SERIE W220,SPB1,1,1
DAIHATSU,GRAND MOVE,DFF,1,1
DAIHATSU,GRAND MOVE,DPF,1,1
DAIHATSU,GRAND MOVE,DFB,1,1
DAIHATSU,GRAND MOVE,DPB,1,1
DAIHATSU,GRAND MOVE,SFB1,1,1
DAIHATSU,GRAND MOVE,SPB1,1,1
DAIHATSU,GRAND MOVE,B,1,1
SAAB,9-5,SFB1,1,1
SAAB,9-5,SPB1,1,1
DAIHATSU,SIRION,DFF,1,1
DAIHATSU,SIRION,DPF,1,1
DAIHATSU,SIRION,DFB,1,1
DAIHATSU,SIRION,DPB,1,1
DAIHATSU,SIRION,B,1,1
KIA,CLARUS,DFFV,1,1
KIA,CLARUS,DPFV,1,1
KIA,CLARUS,B,1,1
LANDROVER,DEFENDER,DFFV,1,1
MERCEDES TRUCKS,ATEGO,DFF,1,1
MERCEDES TRUCKS,ATEGO,DPF,1,1
OPEL,FRONTERA,DFFV,1,1
OPEL,FRONTERA,DPFV,1,1
ALFA ROMEO,75,DFF,1,1
ROVER,75,DFF,1,1
ALFA ROMEO,75,DPF,1,1
ROVER,75,DPF,1,1
ALFA ROMEO,75,DFB,1,1
ALFA ROMEO,75,DPB,1,1
ALFA ROMEO,75,DFFV,1,1
ALFA ROMEO,75,DPFV,1,1
ROVER,75,B,1,1
MITSUBISHI,SPACE WAGON,DFFV,1,1
MITSUBISHI,SPACE WAGON,DPFV,1,1
HONDA,HR-V,SFB1,1,1
MERCEDES TRUCKS,VITO,BF,1,1
MERCEDES TRUCKS,VITO,BP,1,1
JAGUAR,S-TYPE,DFF,1,1
JAGUAR,S-TYPE,DFB,1,1
JAGUAR,S-TYPE,DPB,1,1
JAGUAR,S-TYPE,SFB1,1,1
VOLVO,C 70 CAB,DFFV,1,1
VOLVO,C 70 CAB,DPFV,1,1
BMW,COUNTRYMAN,SFB1,1,1
PEUGEOT,607,DPF,1,1
PEUGEOT,607,DFFV,1,1
PEUGEOT,607,DPBV,1,1
PEUGEOT,607,B,1,1
KIA,CARNIVAL,DPF,1,1
KIA,CARNIVAL,SPB1,1,1
AUDI,A2,DFFV,1,1
AUDI,A2,DPFV,1,1
AUDI,A2,DFF,1,1
AUDI,A2,DPF,1,1
AUDI,A2,DFB,1,1
AUDI,A2,DPB,1,1
AUDI,A2,SFB1,1,1
AUDI,A2,SPB1,1,1
BMW,X7,B,1,1
BMW,X7,DFF,1,1
BMW,X7,DFBV,1,1
BMW,X7,DPF,1,1
BMW,X7,DPBV,1,1
MAZDA,PREMACY MINIVAN,DFF,1,1
MAZDA,PREMACY MINIVAN,DPF,1,1
MAZDA,PREMACY MINIVAN,DFB,1,1
MAZDA,PREMACY MINIVAN,DPB,1,1
MAZDA,PREMACY MINIVAN,SFB2,1,1
MAZDA,PREMACY MINIVAN,SPB2,1,1
MAZDA,PREMACY MINIVAN,B,1,1
HYUNDAI,XG,DFF,1,1
HYUNDAI,XG,DPF,1,1
HYUNDAI,XG,DFB,1,1
HYUNDAI,XG,DPB,1,1
HYUNDAI,XG,B,1,1
BMW,8-SERIE,DFF,1,1
BMW,8-SERIE,DFB,1,1
BMW,8-SERIE,DFBV,1,1
BMW,8-SERIE,DPF,1,1
BMW,8-SERIE,DPB,1,1
BMW,8-SERIE,DPBV,1,1
MAZDA,PREMACY MINIVAN,DFBV,1,1
MAZDA,PREMACY MINIVAN,DPBV,1,1
BMW,2 SERIE,DFF,1,1
BMW,2 SERIE,DFB,1,1
BMW,2 SERIE,DPF,1,1
BMW,2 SERIE,DPB,1,1
MAZDA TRUCKS,B 2000 PICK UP,SFB1,1,1
VOLVO,V70,N/A,1,1
HONDA,HR-V,SFB2,1,1
HONDA,HR-V,SPB2,1,1
MAZDA,MPV,DFF,1,1
MAZDA,MPV,DPF,1,1
MAZDA,MPV,DFB,1,1
MAZDA,MPV,DPB,1,1
MAZDA,MPV,SFB1,1,1
MAZDA,MPV,SPB1,1,1
MAZDA,MPV,B,1,1
OPEL,AGILA,SFB1,1,1
OPEL,AGILA,SPB1,1,1
CITROEN,XSARA,DFFV,1,1
CITROEN,XSARA,DPFV,1,1
HYUNDAI,TRAJET,DFF,1,1
HYUNDAI,TRAJET,DPF,1,1
TOYOTA,MR2,B,1,1
BMW,Z8,DFF,1,1
BMW,Z8,DPF,1,1
MAN,TG-A L,DFF,1,1
MAN,TG-A XL,DFF,1,1
MAN,TG-A XXL,DFF,1,1
MAN,TGE,DFF,1,1
MAN,TG-A L,DPF,1,1
MAN,TG-A XL,DPF,1,1
MAN,TG-A XXL,DPF,1,1
MAN,TGE,DPF,1,1
MAN,TG-A L,SFB1,1,1
MAN,TG-A XL,SFB1,1,1
MAN,TG-A XXL,SFB1,1,1
MAN,TGE,SFB1,1,1
MAN,TG-A L,SPB1,1,1
MAN,TG-A XL,SPB1,1,1
MAN,TG-A XXL,SPB1,1,1
MAN,TGE,SPB1,1,1
KIA,RIO,SFB1,1,1
KIA,RIO,SPB1,1,1
RENAULT,LAGUNA,DFBV,1,1
RENAULT,LAGUNA,DPBV,1,1
ALFA ROMEO,147,B,1,1
DAEWOO (CHEVROLET),LEZZO,DFFV,1,1
DAEWOO (CHEVROLET),TACUMA,DFFV,1,1
DAEWOO (CHEVROLET),LEZZO,DPFV,1,1
DAEWOO (CHEVROLET),TACUMA,DPFV,1,1
DAEWOO (CHEVROLET),LEZZO,DFF,1,1
DAEWOO (CHEVROLET),TACUMA,DFF,1,1
DAEWOO (CHEVROLET),LEZZO,DPF,1,1
DAEWOO (CHEVROLET),TACUMA,DPF,1,1
DAEWOO (CHEVROLET),LEZZO,DFB,1,1
DAEWOO (CHEVROLET),TACUMA,DFB,1,1
DAEWOO (CHEVROLET),LEZZO,DPB,1,1
DAEWOO (CHEVROLET),TACUMA,DPB,1,1
DAEWOO (CHEVROLET),LEZZO,SFB1,1,1
DAEWOO (CHEVROLET),TACUMA,SFB1,1,1
DAEWOO (CHEVROLET),LEZZO,SPB1,1,1
DAEWOO (CHEVROLET),TACUMA,SPB1,1,1
DAEWOO (CHEVROLET),LEZZO,B,1,1
DAEWOO (CHEVROLET),TACUMA,B,1,1
DAEWOO (CHEVROLET),KALOS,F,1,1
KIA,PREGIO,DFF,1,1
KIA,PREGIO,DPF,1,1
PEUGEOT,306,DFFV,1,1
PEUGEOT,306,DPFV,1,1
HYUNDAI,MATRIX MPV,DFF,1,1
HYUNDAI,MATRIX MPV,DPF,1,1
HYUNDAI,MATRIX MPV,DFB,1,1
HYUNDAI,MATRIX MPV,DPB,1,1
HYUNDAI,MATRIX MPV,SFB1,1,1
HYUNDAI,MATRIX MPV,SPB1,1,1
HYUNDAI,MATRIX MPV,B,1,1
MAZDA,TRIBUTE,DFF,1,1
MAZDA,TRIBUTE,DPF,1,1
MAZDA,TRIBUTE,DFB,1,1
MAZDA,TRIBUTE,DPB,1,1
MAZDA,TRIBUTE,SFB1,1,1
MAZDA,TRIBUTE,SPB1,1,1
MAZDA,TRIBUTE,B,1,1
ALFA ROMEO,147,DFB,1,1
JAGUAR,X-TYPE,DFF,1,1
JAGUAR,X-TYPE,DPF,1,1
JAGUAR,X-TYPE,DFB,1,1
JAGUAR,X-TYPE,DPB,1,1
JAGUAR,X-TYPE,DPFV,1,1
KIA,OPIRIUS,F,1,1
HONDA,ACCORD,N/A,1,1
BMW,7 SERIE,N/A,1,1
HYUNDAI,TERRACAN,DFF,1,1
HYUNDAI,TERRACAN,DPF,1,1
HYUNDAI,TERRACAN,DFB,1,1
HYUNDAI,TERRACAN,SFB1,1,1
HYUNDAI,TERRACAN,SPB1,1,1
NISSAN TRUCKS,PRIMASTAR,DFFV,1,1
OPEL,VIVARO,DFFV,1,1
RENAULT TRUCKS,TRAFFIC,DFFV,1,1
NISSAN TRUCKS,PRIMASTAR,DPFV,1,1
OPEL,VIVARO,DPFV,1,1
RENAULT TRUCKS,TRAFFIC,DPFV,1,1
NISSAN TRUCKS,PRIMASTAR,DFF,1,1
NISSAN TRUCKS,PRIMASTAR,DPF,1,1
NISSAN TRUCKS,PRIMASTAR,SPB1,1,1
RENAULT TRUCKS,TRAFFIC,SPB1,1,1
NISSAN TRUCKS,PRIMASTAR,SPB2,1,1
HONDA,STREAM,DFFV,1,1
HONDA,STREAM,DPFV,1,1
HONDA,STREAM,DFF,1,1
HONDA,STREAM,DPF,1,1
HONDA,STREAM,DFB,1,1
HONDA,STREAM,DPB,1,1
HONDA,STREAM,SFB1,1,1
HONDA,STREAM,SPB1,1,1
HONDA,STREAM,B,1,1
RENAULT,MEGANE,N/A,1,1
HYUNDAI,2-D COUPE,SFB1,1,1
FIAT,STILO,DFB,1,1
FIAT,STILO,DPB,1,1
FIAT,IDEA,F,1,1
MITSUBISHI,GRANDIS,F,1,1
NISSAN,PRIMERA,SFB1,1,1
NISSAN,PRIMERA,SPB1,1,1
OPEL,SIGNUM,DFF,1,1
OPEL,SIGNUM,DPF,1,1
MERCEDES,SERIE W230,DFF,1,1
MERCEDES,SERIE W230,DPF,1,1
MERCEDES,SERIE W230,DFFV,1,1
MERCEDES,SERIE W230,DPFV,1,1
MERCEDES TRUCKS,VANEO,DFF,1,1
MERCEDES TRUCKS,VANEO,DPF,1,1
CITROEN,C8,DFFV,1,1
PEUGEOT,807,DFFV,1,1
CITROEN,C8,DFBV,1,1
PEUGEOT,807,DFBV,1,1
CITROEN,C8,DFF,1,1
PEUGEOT,807,DFF,1,1
CITROEN,C8,DPF,1,1
PEUGEOT,807,DPF,1,1
CITROEN,C8,DPB,1,1
PEUGEOT,807,DPB,1,1
HYUNDAI,GETZ,DFF,1,1
HYUNDAI,GETZ,DPF,1,1
HYUNDAI,GETZ,DFB,1,1
HYUNDAI,GETZ,DPB,1,1
HYUNDAI,GETZ,DFBV,1,1
HYUNDAI,GETZ,DPBV,1,1
FORD,FUSION,DFF,1,1
FORD,FUSION,DPF,1,1
FORD,FUSION,DPB,1,1
FORD,FUSION,DPBV,1,1
FORD,FUSION,SPB1,1,1
OPEL,MERIVA,DPFV,1,1
LEXUS,LS,DFFV,1,1
LEXUS,LS,DPFV,1,1
TOYOTA TRUCKS,DYNA,DFF,1,1
TOYOTA TRUCKS,DYNA,DPF,1,1
TOYOTA TRUCKS,DYNA,B,1,1
SMART,ROADSTER,B,1,1
MAZDA,RX-8,DFF,1,1
MAZDA,RX-8,DPF,1,1
MAZDA,RX-8,DFB,1,1
MAZDA,RX-8,DPB,1,1
MAZDA,RX-8,B,1,1
VW,FOX,F,1,1
NISSAN,350Z,DFF,1,1
NISSAN,350Z,DPF,1,1
NISSAN,350Z,SFB1,1,1
NISSAN,350Z,SPB1,1,1
NISSAN,350Z,B,1,1
DAEWOO (CHEVROLET),AVEO,DFF,1,1
DAEWOO (CHEVROLET),KALOS,DFF,1,1
DAEWOO (CHEVROLET),AVEO,DPF,1,1
DAEWOO (CHEVROLET),KALOS,DPF,1,1
DAEWOO (CHEVROLET),AVEO,DFB,1,1
DAEWOO (CHEVROLET),KALOS,DFB,1,1
DAEWOO (CHEVROLET),AVEO,DPB,1,1
DAEWOO (CHEVROLET),KALOS,DPB,1,1
DAEWOO (CHEVROLET),AVEO,SFB1,1,1
DAEWOO (CHEVROLET),KALOS,SFB1,1,1
DAEWOO (CHEVROLET),AVEO,SPB1,1,1
DAEWOO (CHEVROLET),KALOS,SPB1,1,1
DAEWOO (CHEVROLET),AVEO,B,1,1
DAEWOO (CHEVROLET),KALOS,B,1,1
DAEWOO (CHEVROLET),LACETTI,DFF,1,1
DAEWOO (CHEVROLET),LACETTI,DPF,1,1
VOLVO,S 40,SFB1,1,1
VOLVO,S 40,SPB1,1,1
CITROEN,C2,DFF,1,1
CITROEN,C2,DPF,1,1
CITROEN,C2,SFB1,1,1
CITROEN,C2,SPB1,1,1
DAEWOO (CHEVROLET),LACETTI,B,1,1
DAEWOO (CHEVROLET),LACETTI,DFB,1,1
DAEWOO (CHEVROLET),LACETTI,DPB,1,1
JAGUAR,X-TYPE,SFB1,1,1
JAGUAR,X-TYPE,SPB1,1,1
KIA,OPIRIUS,DFF,1,1
KIA,OPIRIUS,DPF,1,1
KIA,OPIRIUS,DFB,1,1
KIA,OPIRIUS,DPB,1,1
KIA,OPIRIUS,B,1,1
MERCEDES TRUCKS,VIANO,DFFV,1,1
MERCEDES TRUCKS,VIANO,DPFV,1,1
MERCEDES TRUCKS,VIANO,DFF,1,1
MERCEDES TRUCKS,VIANO,DPF,1,1
HYUNDAI,ATOS,DFFV,1,1
HYUNDAI,ATOS,DPFV,1,1
MITSUBISHI,GRANDIS,DPF,1,1
MITSUBISHI,GRANDIS,DFB,1,1
SEAT,ALTEA,DFF,1,1
SEAT,ALTEA XL,DFF,1,1
SEAT,ALTEA,DPF,1,1
SEAT,ALTEA XL,DPF,1,1
SEAT,ALTEA XL,DFB,1,1
SEAT,ALTEA,DPFV,1,1
SEAT,ALTEA XL,DPFV,1,1
SEAT,ALTEA,B,1,1
SMART,FORFOUR,DFBV,1,1
FIAT,BIANCHINA,F,1,1
MERCEDES,SERIE R171,DFF,1,1
MERCEDES,SERIE R171,DPF,1,1
MERCEDES,SERIE R171,DFFV,1,1
MERCEDES,SERIE R171,DPFV,1,1
MERCEDES,SERIE R171,B,1,1
DAEWOO (CHEVROLET),AVEO,F,1,1
PEUGEOT,407,SFB3,1,1
PEUGEOT,407,SPB3,1,1
RENAULT,MODUS,DFF,1,1
RENAULT,MODUS,DPF,1,1
RENAULT,MODUS,DFB,1,1
RENAULT,MODUS,DFBV,1,1
RENAULT,MODUS,DPBV,1,1
MERCEDES,SERIE W245 (B-KLASSE),DFF,1,1
MERCEDES,SERIE W245 (B-KLASSE),DPF,1,1
MERCEDES,SERIE W169,DPB,1,1
MERCEDES,SERIE W169,SFB1,1,1
MERCEDES,SERIE W169,SPB1,1,1
ALFA ROMEO,GT,DFF,1,1
ALFA ROMEO,GT,DPB,1,1
KIA,CERATO,B,1,1
KIA,CERATO,DFF,1,1
KIA,CERATO,DPF,1,1
KIA,CERATO,DFB,1,1
KIA,CERATO,DPB,1,1
KIA,CERATO,SFB1,1,1
KIA,CERATO,SPB1,1,1
CITROEN,C6,F,1,1
SSANGYONG,REXTON,SPB1,1,1
MERCEDES TRUCKS,VIANO,SPB1,1,1
HONDA,FR-V,B,1,1
HONDA,FR-V,DFF,1,1
HONDA,FR-V,DPF,1,1
HONDA,FR-V,DFB,1,1
HONDA,FR-V,DPB,1,1
HONDA,FR-V,SFB1,1,1
HONDA,FR-V,SPB1,1,1
HYUNDAI,SONATA,DFFV,1,1
HYUNDAI,SONATA,DPFV,1,1
MERCEDES,SERIE W245 (B-KLASSE),B,1,1
MERCEDES,SERIE W245 (B-KLASSE),DFB,1,1
MERCEDES,SERIE W245 (B-KLASSE),DPB,1,1
MERCEDES,SERIE W245 (B-KLASSE),SFB1,1,1
MERCEDES,SERIE W245 (B-KLASSE),SPB1,1,1
PEUGEOT,1007,DFFV,1,1
PEUGEOT,1007,DPFV,1,1
PEUGEOT,1007,DFF,1,1
PEUGEOT,1007,DPF,1,1
NISSAN,PATHFINDER,DFFV,1,1
NISSAN,PATHFINDER,DPFV,1,1
SKODA,PRAKTIK,F,1,1
SUBARU,TRIBECA,F,1,1
MERCEDES,SERIE W221,DPFV,1,1
MERCEDES,SERIE W221,DPBV,1,1
FORD,S-MAX,N/A,1,1
MERCEDES,SERIE W230,F,1,1
FIAT,CROMA,SFB1,1,1
FIAT,CROMA,SPB1,1,1
CITROEN,C1,SFB1,1,1
PEUGEOT,107,SFB1,1,1
SEAT,LEON,DFFV,1,1
SEAT,LEON,DPFV,1,1
SSANGYONG,RODIUS,DFFV,1,1
SSANGYONG,RODIUS,DPFV,1,1
SSANGYONG,RODIUS,DFF,1,1
SSANGYONG,RODIUS,DPF,1,1
SSANGYONG,RODIUS,DPB,1,1
SSANGYONG,RODIUS,SPB1,1,1
VOLVO,C 70 CAB,DPF,1,1
VOLVO,C 70 CAB,SFB1,1,1
VOLVO,C 70 CAB,SPB1,1,1
KIA,MAGNETIS,B,1,1
KIA,MAGNETIS,DFB,1,1
KIA,MAGNETIS,DFFV,1,1
KIA,MAGNETIS,DPFV,1,1
CITROEN,C6,DFF,1,1
CITROEN,C6,DPF,1,1
CITROEN,C6,DFB,1,1
CITROEN,C6,DPB,1,1
CITROEN,C6,SFB1,1,1
CITROEN,C6,SPB1,1,1
CITROEN,C6,B,1,1
MAZDA,MX-5,B,1,1
MAZDA,MX-5,DPF,1,1
MERCEDES,SERIE W251,DPB,1,1
JAGUAR,XK SERIE,DFFV,1,1
PEUGEOT TRUCKS,TRAVELLER,DFF,1,1
TOYOTA TRUCKS,PROACE,DFF,1,1
PEUGEOT TRUCKS,TRAVELLER,DPF,1,1
TOYOTA TRUCKS,PROACE,DPF,1,1
JAGUAR,XK SERIE,SFB1,1,1
JAGUAR,XK SERIE,SPB1,1,1
ALFA ROMEO,BRERA,B,1,1
ALFA ROMEO,BRERA,DFF,1,1
ALFA ROMEO,BRERA,DFFV,1,1
DAEWOO (CHEVROLET),CAPTIVA,DPFV,1,1
OPEL,ANTARA,DPFV,1,1
DAEWOO (CHEVROLET),CAPTIVA,DFF,1,1
OPEL,ANTARA,DFF,1,1
DAEWOO (CHEVROLET),EPICA,B,1,1
DAEWOO (CHEVROLET),EPICA,DFF,1,1
DAEWOO (CHEVROLET),EPICA,DPF,1,1
DAEWOO (CHEVROLET),EPICA,DFB,1,1
DAEWOO (CHEVROLET),EPICA,DPB,1,1
DAEWOO (CHEVROLET),EPICA,DFFV,1,1
DAEWOO (CHEVROLET),EPICA,DPFV,1,1
HYUNDAI,GRANDEUR,DFF,1,1
HYUNDAI,GRANDEUR,DPF,1,1
HYUNDAI,GRANDEUR,DPB,1,1
HYUNDAI,GRANDEUR,DFFV,1,1
HYUNDAI,GRANDEUR,B,1,1
CITROEN,C5,DFBV,1,1
CITROEN,C5,DPBV,1,1
CITROEN,DS 7,F,1,1
CITROEN,DS 7,B,1,1
CITROEN,DS 7,SFB1,1,1
CITROEN,DS 7,SPB1,1,1
OPEL,ASTRA,DPFV,1,1
PEUGEOT,207,DPF,1,1
SKODA,ROOMSTER,DPF,1,1
CITROEN,DS3,B,1,1
CITROEN,DS3,DFB,1,1
CITROEN,DS3,DPB,1,1
SUBARU,TRIBECA,DFFV,1,1
SUBARU,TRIBECA,DPFV,1,1
SUBARU,TRIBECA,DFF,1,1
SUBARU,TRIBECA,DPF,1,1
SUBARU,TRIBECA,DFB,1,1
SUBARU,TRIBECA,DPB,1,1
SUBARU,TRIBECA,SFB1,1,1
SUBARU,TRIBECA,SPB1,1,1
VW,EOS,SFB1,1,1
VW,EOS,SPB1,1,1
VW,EOS,B,1,1
CITROEN,C5 X,DFB,1,1
CITROEN,C5 X,DPB,1,1
SKODA,PRAKTIK,B,1,1
HYUNDAI,ACCENT,DFFV,1,1
HYUNDAI,ACCENT,DPFV,1,1
SSANGYONG,KYRON,DFF,1,1
SSANGYONG,KYRON,DPF,1,1
SSANGYONG,KYRON,DFB,1,1
SSANGYONG,KYRON,DPB,1,1
SSANGYONG,KYRON,DFFV,1,1
SSANGYONG,KYRON,DPFV,1,1
SSANGYONG,KYRON,B,1,1
VOLVO,C 30,SFB1,1,1
VOLVO,C 30,SPB1,1,1
VOLVO,C 30,B,1,1
FORD TRUCKS,RANGER,SFB1,1,1
FORD TRUCKS,RANGER,SPB1,1,1
CITROEN,C-CROSSER,DFF,1,1
PEUGEOT,4007,DFF,1,1
CITROEN,C-CROSSER,DPF,1,1
PEUGEOT,4007,DPF,1,1
PORSCHE,BOXSTER,B,1,1
PORSCHE,CAYMAN,DFF,1,1
DAF,CF/XF,F,1,1
KIA,CARENS,DFBV,1,1
KIA,CARENS,DPBV,1,1
SUBARU,JUSTY,DFFV,1,1
SUBARU,JUSTY,DPFV,1,1
PEUGEOT,207,DFBV,1,1
VW,PHAETON,DFB,1,1
MAZDA,CX 7,B,1,1
MAZDA,CX 7,DFFV,1,1
MAZDA,CX 7,DPFV,1,1
MAZDA,CX 7,DFB,1,1
MAZDA,CX 7,DPB,1,1
PEUGEOT,207,SFB3,1,1
PEUGEOT,207,SPB3,1,1
ISUZU,D-MAX PICK UP,SFB1,1,1
ISUZU,D-MAX PICK UP,SPB1,1,1
FIAT,500,SPB1,1,1
OPEL,GT,DFF,1,1
OPEL,GT,DPF,1,1
MAZDA,2,B,1,1
MERCEDES,SERIE C216,B,1,1
MERCEDES,SERIE C216,DFF,1,1
MERCEDES,SERIE C216,DPF,1,1
MERCEDES,SERIE C216,SFB1,1,1
MERCEDES,SERIE C216,SPB1,1,1
CITROEN TRUCKS,NEMO,DFF,1,1
PEUGEOT TRUCKS,BIPPER,DFF,1,1
CITROEN TRUCKS,NEMO,DPF,1,1
PEUGEOT TRUCKS,BIPPER,DPF,1,1
HYUNDAI,I10,DFFV,1,1
HYUNDAI,I10,DPFV,1,1
ALFA ROMEO,SPIDER,B,1,1
RENAULT,TWINGO,DFF,1,1
RENAULT,TWINGO,DFFV,1,1
RENAULT,TWINGO,DPFV,1,1
SEAT,IBIZA,DFFV,1,1
SEAT,IBIZA,DPFV,1,1
JAGUAR,XF-SERIE,DPFV,1,1
VW,SCIROCCO,DFF,1,1
VW,SCIROCCO,DPF,1,1
RENAULT,KOLEOS,DFFV,1,1
RENAULT,KOLEOS,DPFV,1,1
RENAULT,KOLEOS,SPB1,1,1
MAZDA,2,DFF,1,1
MAZDA,2,DPF,1,1
MAZDA,2,SFB1,1,1
MAZDA,2,SPB1,1,1
CITROEN TRUCKS,NEMO,F,1,1
PEUGEOT TRUCKS,BIPPER,F,1,1
MERCEDES,SERIE X204,DFF,1,1
MERCEDES,SERIE X204,DPF,1,1
TOYOTA,IQ,DFF,1,1
TOYOTA,IQ,DPF,1,1
TOYOTA,IQ,DFFV,1,1
TOYOTA,IQ,DPFV,1,1
MERCEDES TRUCKS,ECONIC,F,1,1
HYUNDAI,I20,DFFV,1,1
HYUNDAI,I20,DPFV,1,1
MERCEDES,SERIE W212,DFFV,1,1
MERCEDES,SERIE W212,DPFV,1,1
NISSAN,PIXO,DFF,1,1
NISSAN,PIXO,DPF,1,1
NISSAN,PIXO,DFB,1,1
NISSAN,PIXO,DPB,1,1
NISSAN,PIXO,B,1,1
TOYOTA,URBAN CRUISER,DFF,1,1
TOYOTA,URBAN CRUISER,DPF,1,1
TOYOTA,VERSO,DFBV,1,1
TOYOTA,PRIUS,SFB1,1,1
TOYOTA,PRIUS,SPB1,1,1
HONDA,INSIGHT,DFFV,1,1
HONDA,INSIGHT,DPFV,1,1
HONDA,INSIGHT,DFF,1,1
HONDA,INSIGHT,DPF,1,1
HONDA,INSIGHT,DFB,1,1
HONDA,INSIGHT,DPB,1,1
HONDA,INSIGHT,DFBV,1,1
HONDA,INSIGHT,DPBV,1,1
NISSAN,370Z,B,1,1
SKODA,YETI,DFF,1,1
SKODA,YETI,DPF,1,1
ALFA ROMEO,MITO,DFF,1,1
ALFA ROMEO,MITO,DPF,1,1
PEUGEOT,3008,DFFV,1,1
PEUGEOT,5008,DFFV,1,1
DAEWOO (CHEVROLET),CRUZE,DFF,1,1
DAEWOO (CHEVROLET),CRUZE,DPF,1,1
DAEWOO (CHEVROLET),CRUZE,DFFV,1,1
MERCEDES,SERIE W212,DPBV,1,1
HYUNDAI,IX20,DFFV,1,1
KIA,VENGA,DFFV,1,1
HYUNDAI,IX20,DPFV,1,1
KIA,VENGA,DPFV,1,1
HYUNDAI,IX20,DFF,1,1
KIA,VENGA,DFF,1,1
HYUNDAI,IX20,DPF,1,1
KIA,VENGA,DPF,1,1
HYUNDAI,IX20,DPB,1,1
KIA,VENGA,DPB,1,1
HYUNDAI,IX35,DFF,1,1
HYUNDAI,IX35,DPF,1,1
HYUNDAI,IX35,DPB,1,1
FIAT,124,F,1,1
AUDI,A8,SFB2,1,1
MITSUBISHI,ASX,DFF,1,1
MITSUBISHI,ASX,DPF,1,1
ALFA ROMEO,GUILETTA,DFF,1,1
ALFA ROMEO,GUILETTA,DPF,1,1
NISSAN,NV 200,DFF,1,1
NISSAN,NV 200,DPF,1,1
VW,AMAROK,DFF,1,1
VW,AMAROK,DPF,1,1
HONDA,CR-Z,DFF,1,1
HONDA,CR-Z,DPF,1,1
HONDA,CR-Z,SFB1,1,1
HONDA,CR-Z,SPB1,1,1
DAIHATSU,YRV 5-D,DPF,1,1
DAIHATSU,YRV 5-D,DFF,1,1
OPEL,MOVANO,DFB,1,1
DAIHATSU,YRV 5-D,DFB,1,1
OPEL,MOVANO,DPB,1,1
DAIHATSU,YRV 5-D,DPB,1,1
DAIHATSU,YRV 5-D,SFB1,1,1
DAIHATSU,YRV 5-D,SPB1,1,1
DAIHATSU,YRV 5-D,B,1,1
PEUGEOT,RCZ,DFF,1,1
PEUGEOT,RCZ,DPF,1,1
PEUGEOT,RCZ,DFB,1,1
PEUGEOT,RCZ,SFB1,1,1
PEUGEOT,RCZ,B,1,1
DAIHATSU,TREVIS,F,1,1
FORD,C-MAX,DFFV,1,1
FORD,C-MAX,DPFV,1,1
MITSUBISHI,I-MIEV,B,1,1
MITSUBISHI,I-MIEV,DFFV,1,1
MITSUBISHI,I-MIEV,DPFV,1,1
MITSUBISHI,I-MIEV,DFF,1,1
MITSUBISHI,I-MIEV,DPF,1,1
MITSUBISHI,I-MIEV,DFB,1,1
PEUGEOT,ION (EL),DFB,1,1
MITSUBISHI,I-MIEV,DPB,1,1
MITSUBISHI,I-MIEV,DFBV,1,1
MITSUBISHI,I-MIEV,DPBV,1,1
CITROEN,DS4,DFF,1,1
LEXUS,CT,DPF,1,1
LEXUS,CT,DPFV,1,1
LEXUS,CT,DPBV,1,1
KIA,PICANTO,DPFV,1,1
TOYOTA,VERSO,DPFV,1,1
TOYOTA,VERSO,DFF,1,1
NISSAN,PIXO,F,1,1
CITROEN,DS4,DFFV,1,1
CITROEN,DS4,DPFV,1,1
CITROEN,DS4,B,1,1
HYUNDAI,I40,DFF,1,1
HYUNDAI,I40,DPF,1,1
HYUNDAI,VELOSTER,DFF,1,1
HYUNDAI,VELOSTER,DPF,1,1
HYUNDAI,VELOSTER,SFB1,1,1
HYUNDAI,VELOSTER,SPB1,1,1
HYUNDAI,VELOSTER,B,1,1
FIAT,PANDA,DPF,1,1
MERCEDES,SERIE W166 (M-KLASSE),DPBV,1,1
MERCEDES,SERIE W246 (B-KLASSE),DPF,1,1
OPEL,AMPERA,DPF,1,1
VW,BEETLE,DFF,1,1
VW,BEETLE,DPF,1,1
PEUGEOT,2008,DFFV,1,1
PEUGEOT,2008,DPFV,1,1
PEUGEOT,208,SFB1,1,1
PEUGEOT,4008,DFF,1,1
PEUGEOT,4008,DPF,1,1
HYUNDAI,I40,SPB1,1,1
CITROEN,DS 5,DFB,1,1
CITROEN,DS 5,DPB,1,1
CITROEN,DS 5,SFB1,1,1
CITROEN,DS 5,SPB1,1,1
FIAT,500,DPB,1,1
FORD,B-MAX,DFFV,1,1
FORD,B-MAX,DFF,1,1
FORD,B-MAX,DPF,1,1
FORD,B-MAX,DPBV,1,1
OPEL,MOKKA,DFFV,1,1
OPEL,MOKKA,DPFV,1,1
JAGUAR,XF-SERIE,DFBV,1,1
JAGUAR,XF-SERIE,DPBV,1,1
SKODA,RAPID,DFF,1,1
SKODA,RAPID,DPF,1,1
CITROEN,C4,DPBV,1,1
RENAULT,ZOE (EL BIL),DFF,1,1
RENAULT,ZOE (EL BIL),DPF,1,1
OPEL,ADAM,DFF,1,1
OPEL,ADAM,DPF,1,1
OPEL,ADAM,SFB1,1,1
SSANGYONG,YONG CHAIRMAN,F,1,1
OPEL,CASCADA,DFF,1,1
OPEL,CASCADA,DPF,1,1
OPEL,CASCADA,SFB1,1,1
OPEL,CASCADA,SPB1,1,1
KIA,PICANTO,N/A,1,1
DAEWOO (CHEVROLET),CRUZE,DPB,1,1
DAEWOO (CHEVROLET),CRUZE,SPB1,1,1
BMW,MINI PACEMAN,DFF,1,1
BMW,MINI PACEMAN,DPF,1,1
SKODA,RAPID,SFB1,1,1
SKODA,RAPID,SPB1,1,1
NISSAN,PULSAR,DFF,1,1
NISSAN,PULSAR,DPF,1,1
PEUGEOT,108,DFF,1,1
SSANGYONG,XLV,B,1,1
SSANGYONG,TIVOLI_XLV,SFB1,1,1
SSANGYONG,XLV,SFB1,1,1
SSANGYONG,TIVOLI_XLV,SPB1,1,1
SSANGYONG,XLV,SPB1,1,1
PEUGEOT,108,DPF,1,1
SSANGYONG,KORANDO,DPB,1,1
KGM,TORRES,DFF,1,1
KGM,TORRES,DFB,1,1
KGM,TORRES,SFB1,1,1
KGM,TORRES,DPF,1,1
KGM,TORRES,DPB,1,1
KGM,TORRES,SPB1,1,1
HONDA,CR-Z,F,1,1
DACIA,LODGY,DFF,1,1
DACIA,LODGY,DPF,1,1
DACIA,LODGY,DFB,1,1
DACIA,LODGY,DPB,1,1
DACIA,LODGY,SFB1,1,1
DACIA,LODGY,SPB1,1,1
AUDI,Q7,DFFV,1,1
AUDI,Q7,DPFV,1,1
SSANGYONG,TIVOLI_XLV,DFF,1,1
SSANGYONG,TIVOLI_XLV,DFB,1,1
SSANGYONG,TIVOLI_XLV,DPB,1,1
MITSUBISHI TRUCKS,L-200 PICK UP,SFB1,1,1
MITSUBISHI TRUCKS,L-200 PICK UP,SPB1,1,1
VW,TOURAN,DPF,1,1
VW,TOURAN,SPB1,1,1
OPEL,KARL,DFF,1,1
OPEL,KARL,DPF,1,1
OPEL,KARL,DFB,1,1
OPEL,KARL,DPB,1,1
OPEL,KARL,DFBV,1,1
OPEL,KARL,DPBV,1,1
NISSAN TRUCKS,NAVARA,DPF,1,1
MITSUBISHI,I-MIEV,F,1,1
PEUGEOT,ION (EL),F,1,1
JAGUAR,F-PACE,DFF,1,1
JAGUAR,F-PACE,DPF,1,1
ALFA ROMEO,GIULIA,DFF,1,1
ALFA ROMEO,GIULIA,DPF,1,1
ALFA ROMEO,GIULIA,DPB,1,1
FERRARI,MONDIALE,F,1,1
FERRARI,TESTAROSSA,F,1,1
FERRARI,456 GT,F,1,1
FERRARI,F355,F,1,1
FERRARI,F360 SPIDER,F,1,1
FERRARI,BARCHETTA 550,F,1,1
FERRARI,SCAGLIETTI,F,1,1
LANCIA,DELTA,F,1,1
FERRARI,GTC4 LUSSO,F,1,1
LANCIA,YPSILON,F,1,1
CITROEN,DS 5,F,1,1
DAEWOO (CHEVROLET),ESPERO,DFF,1,1
DAEWOO (CHEVROLET),ESPERO,DPF,1,1
DAEWOO (CHEVROLET),ESPERO,DFB,1,1
DAEWOO (CHEVROLET),ESPERO,DPB,1,1
DAEWOO (CHEVROLET),ESPERO,DFFV,1,1
DAEWOO (CHEVROLET),ESPERO,B,1,1
DACIA,LODGY,F,1,1
VETERAN CARS (NOT USA),TRIUMPH,F,1,1
FIAT,SEICENTO,F,1,1
FORD,ECOSPORT,DFF,1,1
FORD,ECOSPORT,DFFV,1,1
FORD,ECOSPORT,DFB,1,1
FORD,ECOSPORT,SFB1,1,1
FORD,ECOSPORT,DPF,1,1
FORD,ECOSPORT,DPFV,1,1
FORD,ECOSPORT,DPB,1,1
FORD,ECOSPORT,SPB1,1,1
FORD,FOCUS,N/A,1,1
FORD,CAPRI,B,1,1
FORD,EXPLORER,B,1,1
FORD,CAPRI,DFF,1,1
FORD,EXPLORER,DFF,1,1
FORD,CAPRI,SFB1,1,1
FORD,EXPLORER,DFB,1,1
FORD,EXPLORER,SFB1,1,1
FORD,CAPRI,DPF,1,1
FORD,EXPLORER,DPF,1,1
FORD,CAPRI,SPB1,1,1
FORD,EXPLORER,DPB,1,1
FORD,EXPLORER,SPB1,1,1
VETERAN CARS (NOT USA),BENTLEY,F,1,1
FORD TRUCKS,TRANSIT,N/A,1,1
HONDA,S2000,B,1,1
HONDA,E,B,1,1
HONDA,E,DFF,1,1
HONDA,E,DFB,1,1
HONDA,E,DPF,1,1
HONDA,E,DPB,1,1
HYUNDAI,IX55,B,1,1
HYUNDAI,IX55,DFF,1,1
HYUNDAI,IX55,SFB1,1,1
HYUNDAI,IX55,DPF,1,1
HYUNDAI,IX55,SPB1,1,1
HYUNDAI,VELOSTER,N/A,1,1
HYUNDAI,NEXO,F,1,1
HYUNDAI,NEXO,N/A,1,1
HYUNDAI,KONA,N/A,1,1
HYUNDAI,INSTER,F,1,1
HYUNDAI,INSTER,B,1,1
HYUNDAI,INSTER,DFF,1,1
HYUNDAI,INSTER,DFB,1,1
HYUNDAI,INSTER,DFBV,1,1
HYUNDAI,INSTER,DPF,1,1
HYUNDAI,INSTER,DPB,1,1
HYUNDAI,INSTER,DPBV,1,1
HYUNDAI,IONIQ,DFFV,1,1
HYUNDAI,IONIQ,DPFV,1,1
JAGUAR,F-TYPE,B,1,1
JAGUAR,F-TYPE,DFF,1,1
JAGUAR,F-TYPE,DPF,1,1
JAGUAR,E-PACE,DFF,1,1
JAGUAR,E-PACE,DPF,1,1
JAGUAR,E-PACE,DPB,1,1
JAGUAR,I-PACE,DFF,1,1
JAGUAR,I-PACE,DFFV,1,1
JAGUAR,I-PACE,DFB,1,1
JAGUAR,I-PACE,DPF,1,1
JAGUAR,I-PACE,DPB,1,1
KIA,2500 LDV,F,1,1
KIA,OPTIMA,SFB1,1,1
KIA,OPTIMA,SPB1,1,1
KIA,STONIC,B,1,1
KIA,STONIC,DFBV,1,1
KIA,STONIC,DPBV,1,1
KIA,STINGER,B,1,1
KIA,STINGER,DFF,1,1
KIA,STINGER,DFB,1,1
KIA,STINGER,DFBV,1,1
KIA,STINGER,DPF,1,1
KIA,STINGER,DPB,1,1
KIA,STINGER,DPBV,1,1
KIA,XCEED,B,1,1
KIA,XCEED,DFB,1,1
KIA,XCEED,DPB,1,1
KIA,PROCEED,F,1,1
KIA,PROCEED,B,1,1
KIA,PROCEED,DFF,1,1
KIA,PROCEED,DFB,1,1
KIA,PROCEED,SFB1,1,1
KIA,PROCEED,DPF,1,1
KIA,PROCEED,DPB,1,1
KIA,PROCEED,SPB1,1,1
KIA,SELTOS,B,1,1
KIA,SELTOS,DFF,1,1
KIA,SELTOS,DFB,1,1
KIA,SELTOS,DPF,1,1
KIA,SELTOS,DPB,1,1
KIA,SORENTO,DFFV,1,1
KIA,SORENTO,DPFV,1,1
KIA,NIRO (HYBRID) 2016-2022,DFBV,1,1
KIA,NIRO (HYBRID) 2016-2022,DPBV,1,1
KIA,EV9,B,1,1
KIA,EV9,DFF,1,1
KIA,EV9,DPF,1,1
KIA,EV5,B,1,1
KIA,EV5,DFF,1,1
KIA,EV5,DFB,1,1
KIA,EV5,DPF,1,1
KIA,EV5,DPB,1,1
KIA,EV3,B,1,1
KIA,EV3,DFF,1,1
KIA,EV3,DFB,1,1
KIA,EV3,DFBV,1,1
KIA,EV3,DPF,1,1
KIA,EV3,DPB,1,1
KIA,EV3,DPBV,1,1
KIA,EV4,B,1,1
KIA,EV4,DFB,1,1
KIA,EV4,SFB1,1,1
KIA,EV4,DPB,1,1
KIA,EV4,SPB1,1,1
KIA,PV5,F,1,1
KIA,PV5,B,1,1
KIA,PV5,DFF,1,1
KIA,PV5,DFFV,1,1
KIA,PV5,DPF,1,1
KIA,PV5,DPFV,1,1
MAXUS,E-DELIVER 9,DFF,1,1
MAXUS,E-DELIVER 9,DFFV,1,1
MAXUS,E-DELIVER 9,DPF,1,1
MAXUS,E-DELIVER 9,DPFV,1,1
MAXUS,EUNIQ 5,F,1,1
MAXUS,EUNIQ 5,DFFV,1,1
MAXUS,EUNIQ 5,SFB1,1,1
MAXUS,EUNIQ 5,DPFV,1,1
MAXUS,EUNIQ 5,SPB1,1,1
MAXUS,EUNIQ 6,F,1,1
MAXUS,EUNIQ 6,B,1,1
MAXUS,EUNIQ 6,DFF,1,1
MAXUS,EUNIQ 6,DFB,1,1
MAXUS,EUNIQ 6,DPF,1,1
MAXUS,EUNIQ 6,DPB,1,1
LANCIA,THESIS,F,1,1
LANCIA,MUSA,F,1,1
VOLVO,AMAZON,B,1,1
MAZDA,CX 9,DFF,1,1
MAZDA,CX 9,DFB,1,1
MAZDA,CX 9,DPF,1,1
MAZDA,CX 30,F,1,1
MAZDA,CX 30,DFF,1,1
MAZDA,CX 30,DPF,1,1
MAZDA,CX-60,F,1,1
MAZDA,CX-60,B,1,1
MAZDA,CX-60,DFF,1,1
MAZDA,CX-60,DFB,1,1
MAZDA,CX-60,SFB1,1,1
MAZDA,CX-60,DPF,1,1
MAZDA,CX-60,DPB,1,1
MAZDA,CX-60,SPB1,1,1
MERCEDES,SERIE W/C107 (SLC 280-500),B,1,1
TOYOTA,MR2,SPB1,1,1
MERCEDES,SERIE C197 (SLS),F,1,1
MERCEDES,SERIE C197 (SLS),SFB1,1,1
MERCEDES,SERIE R172 (SLK),B,1,1
MERCEDES,SERIE R172 (SLK),DFF,1,1
MERCEDES,SERIE R172 (SLK),SFB1,1,1
MERCEDES,SERIE R172 (SLK),DPF,1,1
MERCEDES,SERIE R172 (SLK),SPB1,1,1
MERCEDES,SERIE R231 (SL),B,1,1
MERCEDES,SERIE R231 (SL),DFF,1,1
MERCEDES,SERIE R231 (SL),SFB1,1,1
MERCEDES,SERIE R231 (SL),DPF,1,1
MERCEDES,EQV (W447),DFFV,1,1
MERCEDES,EQV (W447),DFB,1,1
MERCEDES,EQV (W447),DPF,1,1
MERCEDES,SERIE W222/217 (S-KLASSE),SFB1,1,1
MERCEDES,SERIE W222/217 (S-KLASSE),SPB1,1,1
MERCEDES,SERIE C218 CLS,DFF,1,1
MERCEDES,SERIE C218 CLS,DFBV,1,1
MERCEDES,SERIE C218 CLS,DPF,1,1
MERCEDES,SERIE C218 CLS,DPBV,1,1
MERCEDES,GLC (C253),F,1,1
MERCEDES,GLC (C253),DFB,1,1
MERCEDES,GLC (C253),SFB1,1,1
MERCEDES,GLC (C253),DFBV,1,1
MERCEDES,GLC (C253),DPB,1,1
MERCEDES,GLC (C253),SPB1,1,1
MERCEDES,GLC (C253),DPBV,1,1
MERCEDES,SERIE W213 (E-CLASS),SPB1,1,1
MERCEDES,SERIE W166 (M-KLASSE),SFB1,1,1
MERCEDES,SERIE W118 (CLA),B,1,1
MERCEDES,SERIE W177 (A-KLASSE),DFF,1,1
MERCEDES,SERIE W118 (CLA),DPF,1,1
MERCEDES,SERIE W118 (CLA),DPB,1,1
MERCEDES,SERIE W177 (A-KLASSE),DPF,1,1
MERCEDES TRUCKS,SPRINTER,SPB3,1,1
MERCEDES,SERIE W108/109 S KLASSE,DFBV,1,1
MERCEDES,SERIE W108/109 S KLASSE,DPF,1,1
MERCEDES,SERIE W108/109 S KLASSE,DFF,1,1
MERCEDES,SERIE W108/109 S KLASSE,DPB,1,1
MERCEDES,SERIE W108/109 S KLASSE,DFB,1,1
MERCEDES,SERIE W108/109 S KLASSE,DFFV,1,1
MERCEDES,SERIE W108/109 S KLASSE,B,1,1
MERCEDES,SERIE W470 (X GLASS),B,1,1
MERCEDES,SERIE W463 (G-KLASSE),B,1,1
MERCEDES,SERIE W463 (G-KLASSE),DFF,1,1
MERCEDES,SERIE W463 (G-KLASSE),DFB,1,1
MERCEDES,SERIE W463 (G-KLASSE),SFB1,1,1
MERCEDES,SERIE W463 (G-KLASSE),DPF,1,1
MERCEDES,SERIE W463 (G-KLASSE),DPB,1,1
MERCEDES,SERIE W463 (G-KLASSE),SPB1,1,1
MERCEDES,SERIE W247 (B-KLASSE),DFF,1,1
MERCEDES,GLA/EQA (H247),DFB,1,1
MERCEDES,SERIE W247 (B-KLASSE),DPF,1,1
MERCEDES,GLA/EQA (H247),DPB,1,1
MERCEDES,SERIE X167(GLS),DFF,1,1
MERCEDES,SERIE X167(GLS),DPF,1,1
MERCEDES,EQC,N/A,1,1
MERCEDES,EQC,DFB,1,1
MERCEDES,EQC,DPB,1,1
MERCEDES,SERIE GLB X247,B,1,1
MERCEDES,SERIE GLB X247,DFF,1,1
MERCEDES,SERIE GLB X247,DPF,1,1
MERCEDES,SERIE C254-X254 (GLC),B,1,1
MERCEDES,SERIE C254-X254 (GLC),DFB,1,1
MERCEDES,SERIE C254-X254 (GLC),SFB1,1,1
MERCEDES,SERIE C254-X254 (GLC),DFBV,1,1
MERCEDES,SERIE C254-X254 (GLC),DPF,1,1
MERCEDES,SERIE C254-X254 (GLC),SPB1,1,1
MERCEDES,SERIE C254-X254 (GLC),DPBV,1,1
SMART,1,B,1,1
MERCEDES,SERIE W214 E CLASS,B,1,1
SMART,3,B,1,1
SMART,3,DFF,1,1
SMART,3,DFB,1,1
SMART,3,SFB1,1,1
SMART,3,DPF,1,1
SMART,3,DPB,1,1
SMART,3,SPB1,1,1
MERCEDES,EQE (V295-X294),DPBV,1,1
SMART,5,F,1,1
SMART,5,B,1,1
SMART,5,DFF,1,1
SMART,5,DPF,1,1
MITSUBISHI,ECLIPSE,DFB,1,1
MITSUBISHI,ECLIPSE,DFBV,1,1
MITSUBISHI,ECLIPSE,DPB,1,1
MITSUBISHI,ECLIPSE,DPBV,1,1
PORSCHE,911,DFBV,1,1
NISSAN TRUCKS,CABSTAR,DFF,1,1
NISSAN TRUCKS,CABSTAR,DPF,1,1
INFINITI,FX35/45,SFB1,1,1
INFINITI,FX35/45,SPB1,1,1
NISSAN,SKYLINE,B,1,1
NISSAN,SKYLINE,SFB1,1,1
NISSAN,SKYLINE,DFF,1,1
NISSAN,SKYLINE,SPB1,1,1
NISSAN,SKYLINE,DPF,1,1
INFINITI,QX,B,1,1
INFINITI,QX,DFF,1,1
INFINITI,QX,DFB,1,1
INFINITI,QX,DPF,1,1
INFINITI,QX,DPB,1,1
INFINITI,Q70,B,1,1
INFINITI,Q70,DFF,1,1
INFINITI,Q70,DPF,1,1
INFINITI,Q70,DPB,1,1
INFINITI,Q50,DFF,1,1
INFINITI,Q50,DFB,1,1
INFINITI,Q50,DPF,1,1
INFINITI,Q30,F,1,1
INFINITI,Q30,DFF,1,1
INFINITI,Q30,DPF,1,1
NISSAN,ARIYA,B,1,1
NISSAN,ARIYA,DFF,1,1
NISSAN,ARIYA,DFB,1,1
NISSAN,ARIYA,DPF,1,1
NISSAN,ARIYA,DPB,1,1
OPEL,CROSSLAND,DFF,1,1
OPEL,CROSSLAND,DFFV,1,1
OPEL,GRANDLAND X,B,1,1
OPEL,GRANDLAND X,DFF,1,1
OPEL,GRANDLAND X,DPF,1,1
ROLLS ROYCE,SILVER SHADOW 2-D,F,1,1
CITROEN TRUCKS,JUMPER,DFB,1,1
FIAT TRUCKS,DUCATO,DFB,1,1
PEUGEOT TRUCKS,BOXER,DFB,1,1
CITROEN TRUCKS,JUMPER,DPB,1,1
FIAT TRUCKS,DUCATO,DPB,1,1
PEUGEOT TRUCKS,BOXER,DPB,1,1
PEUGEOT TRUCKS,RIFTER,DFF,1,1
PEUGEOT TRUCKS,RIFTER,DFFV,1,1
CITROEN TRUCKS,BERLINGO,DFBV,1,1
PEUGEOT TRUCKS,RIFTER,DPFV,1,1
PEUGEOT,408,DFB,1,1
PEUGEOT,408,DPB,1,1
NISSAN,280 ZX COUPE,N/A,1,1
PORSCHE,968,DFF,1,1
PORSCHE,968,DFFV,1,1
PORSCHE,968,DPF,1,1
PORSCHE,968,DPFV,1,1
CITROEN,CX,DFB,1,1
PORSCHE,BOXSTER,DFF,1,1
PORSCHE,BOXSTER,DPF,1,1
CITROEN,CX,DPB,1,1
PORSCHE,CAYMAN,DPB,1,1
PORSCHE,MACAN,DPFV,1,1
PORSCHE,918,DFF,1,1
PORSCHE,918,DPF,1,1
VOLVO,XC 60,DFBV,1,1
MERCEDES,SERIE W116,N/A,1,1
ROLLS ROYCE,PHANTOM,F,1,1
BENTLEY,CONTINENTAL,DFF,1,1
BENTLEY,CONTINENTAL,DPF,1,1
RENAULT,MAXITY,B,1,1
RENAULT,MAXITY,DFF,1,1
RENAULT,MAXITY,DPF,1,1
OPEL,MOVANO,SFB2,1,1
RENAULT TRUCKS,MASTER,SFB2,1,1
OPEL,MOVANO,SPB2,1,1
RENAULT TRUCKS,MASTER,SPB2,1,1
RENAULT,WIND,F,1,1
DACIA,LODGY,B,1,1
DACIA,DOKKER,SFB1,1,1
DACIA,LOGAN,DFB,1,1
DACIA,LOGAN,DFBV,1,1
DACIA,LOGAN,DPB,1,1
DACIA,LOGAN,DPBV,1,1
DACIA,SANDERO,DPB,1,1
OPEL,VIVARO,N/A,1,1
RENAULT TRUCKS,TRAFFIC,N/A,1,1
RENAULT,GRAND SCENIC,F,1,1
RENAULT,GRAND SCENIC,DFF,1,1
RENAULT,GRAND SCENIC,DPF,1,1
RENAULT,ALPINE A SERIE,F,1,1
RENAULT,ALPINE A SERIE,B,1,1
RENAULT,ALPINE A SERIE,DFF,1,1
RENAULT,ALPINE A SERIE,DFFV,1,1
RENAULT,ALPINE A SERIE,DPF,1,1
RENAULT,ALPINE A SERIE,DPFV,1,1
MERCEDES,CITAN (W415/420),DFF,1,1
MERCEDES,CITAN (W415/420),DFFV,1,1
RENAULT,KANGOO,DFFV,1,1
MERCEDES,CITAN (W415/420),SFB1,1,1
RENAULT,KANGOO,SFB1,1,1
MERCEDES,CITAN (W415/420),DFBV,1,1
RENAULT,KANGOO,DFBV,1,1
MERCEDES,CITAN (W415/420),DPF,1,1
MERCEDES,CITAN (W415/420),DPFV,1,1
RENAULT,KANGOO,DPFV,1,1
MERCEDES,CITAN (W415/420),DPB,1,1
RENAULT,KANGOO,DPB,1,1
MERCEDES,CITAN (W415/420),SPB1,1,1
RENAULT,KANGOO,SPB1,1,1
MERCEDES,CITAN (W415/420),DPBV,1,1
RENAULT,KANGOO,DPBV,1,1
RENAULT,AUSTRAL,DFB,1,1
RENAULT,SCENIC E-TECH,F,1,1
RENAULT,SCENIC E-TECH,B,1,1
RENAULT,SCENIC E-TECH,DFF,1,1
RENAULT,SCENIC E-TECH,DFB,1,1
RENAULT,SCENIC E-TECH,DPF,1,1
RENAULT,SCENIC E-TECH,DPB,1,1
RENAULT TRUCKS,MASTER,DFB,1,1
RENAULT TRUCKS,MASTER,DPB,1,1
DACIA,BIGSTER,F,1,1
DACIA,BIGSTER,B,1,1
DACIA,BIGSTER,DFF,1,1
DACIA,BIGSTER,DFB,1,1
DACIA,BIGSTER,SFB1,1,1
DACIA,BIGSTER,DPF,1,1
DACIA,BIGSTER,DPB,1,1
DACIA,BIGSTER,SPB1,1,1
OPEL,REKORD,SFB1,1,1
OPEL,REKORD,SPB1,1,1
PEUGEOT,604,F,1,1
CITROEN,CX,F,1,1
SEAT,ALTEA,SFB1,1,1
SEAT,ALTEA,SPB1,1,1
SEAT,ATECA,B,1,1
SEAT,ARONA,F,1,1
SEAT,ARONA,DFF,1,1
SEAT,ARONA,DPF,1,1
SEAT,TARRACO,F,1,1
SEAT,TARRACO,B,1,1
SEAT,TARRACO,DFB,1,1
SEAT,TARRACO,DFBV,1,1
SEAT,TARRACO,DFF,1,1
SEAT,TARRACO,DFFV,1,1
SEAT,TARRACO,DPB,1,1
SEAT,TARRACO,DPF,1,1
SEAT,TARRACO,DPFV,1,1
CUPRA,TERRAMAR,F,1,1
CUPRA,TERRAMAR,DFF,1,1
CUPRA,TERRAMAR,DPF,1,1
CUPRA,RAVAL,F,1,1
CUPRA,RAVAL,B,1,1
CUPRA,RAVAL,DFF,1,1
CUPRA,RAVAL,DFB,1,1
CUPRA,RAVAL,DPF,1,1
CUPRA,RAVAL,DPB,1,1
MERCEDES,SERIE W123,SFB1,1,1
MERCEDES,SERIE W123,SPB1,1,1
MERCEDES,SERIE W126,DFB,1,1
MERCEDES,SERIE W126,DPB,1,1
MERCEDES,SERIE W126,DFBV,1,1
MERCEDES,SERIE W126,DPBV,1,1
SKODA,KODIAQ,DFB,1,1
SKODA,KODIAQ,DPB,1,1
SKODA,KAROQ,DFB,1,1
SKODA,KAROQ,SFB1,1,1
SKODA,KAROQ,DFF,1,1
SKODA,KAROQ,DPB,1,1
SKODA,KAROQ,SPB1,1,1
SKODA,KAROQ,DPF,1,1
SKODA,SCALA,DFBV,1,1
SKODA,SCALA,DFF,1,1
SKODA,SCALA,DPBV,1,1
SKODA,SCALA,DPF,1,1
SKODA,KAMIQ,SFB1,1,1
SKODA,KAMIQ,DFB,1,1
SKODA,KAMIQ,DFBV,1,1
SKODA,KAMIQ,DFF,1,1
SKODA,KAMIQ,SPB1,1,1
SKODA,KAMIQ,DPB,1,1
SKODA,KAMIQ,DPBV,1,1
SKODA,KAMIQ,DPF,1,1
SKODA,ENYAQ,DFFV,1,1
SKODA,ENYAQ,SFB1,1,1
SKODA,ENYAQ,DPFV,1,1
SKODA,ENYAQ,DPB,1,1
SKODA,ENYAQ,SPB1,1,1
SKODA,ENYAQ,DPBV,1,1
SKODA,ELROQ,DFF,1,1
SKODA,ELROQ,DPF,1,1
CITROEN,VISA,DFF,1,1
CITROEN,VISA,DPF,1,1
CITROEN,VISA,DFBV,1,1
CITROEN,VISA,DPBV,1,1
SUBARU,IMPREZA,DPBV,1,1
SUBARU,OUTBACK,N/A,1,1
SUBARU,OUTBACK,DFFV,1,1
SUBARU,OUTBACK,DPFV,1,1
SUZUKI,ACROSS,DFF,1,1
SUZUKI,ACROSS,DPF,1,1
TOYOTA,SUPRA,SFB1,1,1
TOYOTA,SUPRA,SPB1,1,1
LEXUS,RX,N/A,1,1
LEXUS,RC,B,1,1
LEXUS,RC,DFF,1,1
LEXUS,RC,SFB1,1,1
LEXUS,RC,DPF,1,1
TOYOTA,PRIUS,N/A,1,1
LEXUS,LS,SFB1,1,1
LEXUS,ES,B,1,1
LEXUS,ES,DFF,1,1
LEXUS,ES,DFB,1,1
LEXUS,ES,DFBV,1,1
LEXUS,ES,DPF,1,1
LEXUS,ES,DPB,1,1
LEXUS,ES,DPBV,1,1
VOLVO,940 SERIE,DFF,1,1
VOLVO,960 SERIE,DFF,1,1
VOLVO,940 SERIE,DPF,1,1
VOLVO,960 SERIE,DPF,1,1
VOLVO,940 SERIE,DFB,1,1
VOLVO,960 SERIE,DFB,1,1
VOLVO,940 SERIE,DPB,1,1
VOLVO,960 SERIE,DPB,1,1
TOYOTA,HIGHLANDER,B,1,1
VOLVO,V90,DFBV,1,1
TOYOTA,HIGHLANDER,DFF,1,1
TOYOTA,HIGHLANDER,DFB,1,1
TOYOTA,HIGHLANDER,SFB1,1,1
TOYOTA,HIGHLANDER,DPF,1,1
TOYOTA,HIGHLANDER,DPB,1,1
TOYOTA,HIGHLANDER,SPB1,1,1
VOLVO,940 SERIE,DPBV,1,1
VOLVO,960 SERIE,DPBV,1,1
VOLVO,V90,DPBV,1,1
SUBARU,SOLTERRA,B,1,1
SUBARU,SOLTERRA,DFF,1,1
SUBARU,SOLTERRA,DFFV,1,1
SUBARU,SOLTERRA,DFB,1,1
SUBARU,SOLTERRA,SFB1,1,1
SUBARU,SOLTERRA,DPF,1,1
SUBARU,SOLTERRA,DPFV,1,1
SUBARU,SOLTERRA,DPB,1,1
SUBARU,SOLTERRA,SPB1,1,1
TOYOTA,GR-86,F,1,1
TOYOTA,GR-86,B,1,1
TOYOTA,GR-86,DFF,1,1
TOYOTA,GR-86,DFFV,1,1
TOYOTA,GR-86,SFB1,1,1
TOYOTA,GR-86,DPF,1,1
TOYOTA,GR-86,DPFV,1,1
TOYOTA,GR-86,SPB1,1,1
LEXUS,RX,DFBV,1,1
LEXUS,RX,DPBV,1,1
LEXUS,RZ,B,1,1
LEXUS,RZ,DFF,1,1
LEXUS,RZ,DFFV,1,1
LEXUS,RZ,DFBV,1,1
LEXUS,RZ,SFB1,1,1
LEXUS,RZ,DPFV,1,1
MERCEDES,SERIE W126,SFB1,1,1
MERCEDES,SERIE W126,SPB1,1,1
AUDI,A5,N/A,1,1
AUDI,R8,SFB1,1,1
AUDI,R8,SPB1,1,1
TOYOTA,TERCEL,B,1,1
TOYOTA,TERCEL,DFF,1,1
TOYOTA,TERCEL,DPF,1,1
TOYOTA,TERCEL,DFB,1,1
TOYOTA,TERCEL,DPB,1,1
TOYOTA,TERCEL,DFBV,1,1
TOYOTA,TERCEL,DPBV,1,1
TOYOTA,TERCEL,SFB1,1,1
TOYOTA,TERCEL,SPB1,1,1
MERCEDES,SERIE W201,DFF,1,1
MERCEDES,SERIE W201,DPF,1,1
MERCEDES,SERIE W201,DFB,1,1
MERCEDES,SERIE W201,DPB,1,1
VW,TIGUAN,B,1,1
MERCEDES,SERIE W201,DFBV,1,1
VW,TIGUAN,DFB,1,1
VW,TIGUAN,SFB1,1,1
VW,TIGUAN,DFBV,1,1
VW,TIGUAN,DPB,1,1
VW,TIGUAN,SPB1,1,1
VW,TIGUAN,DPBV,1,1
MERCEDES,SERIE W201,DPBV,1,1
AUDI,Q2,DFF,1,1
AUDI,Q2,DPF,1,1
VW TRUCKS,CRAFTER VAREBIL,N/A,1,1
VW,ARTEON,B,1,1
VW,ARTEON,DFB,1,1
VW,ARTEON,SFB1,1,1
VW,ARTEON,DPB,1,1
VW,ARTEON,SPB1,1,1
VW,TAIGO,DFF,1,1
VW,TAIGO,DPF,1,1
AUDI,Q8,DFF,1,1
AUDI,Q8,DFB,1,1
AUDI,Q8,DPF,1,1
AUDI,Q8,DPB,1,1
VW,T-CROSS,F,1,1
VW,T-CROSS,DFF,1,1
VW,T-CROSS,DPF,1,1
VW,ID.3 (EL),DFF,1,1
VW,ID.3 (EL),SFB1,1,1
VW,ID.3 (EL),DPF,1,1
VW,ID.3 (EL),SPB1,1,1
VW,T-ROC,SFB1,1,1
VW,T-ROC,SPB1,1,1
VW,ID.4 (EL),DFFV,1,1
VW,ID.4 (EL),DPFV,1,1
VW,ID.4 (EL),DPBV,1,1
AUDI,Q4,DFFV,1,1
AUDI,Q4,DPFV,1,1
MAXUS,LDV,F,1,1
VW,ID.7 (EL),F,1,1
VW,ID.7 (EL),B,1,1
VW,ID.7 (EL),SFB1,1,1
AUDI,Q6,SFB1,1,1
AUDI,Q6,SPB1,1,1
VW TRUCKS,TRANSPORTER,DFBV,1,1
VW TRUCKS,TRANSPORTER,DPBV,1,1
TOYOTA,MODEL F,B,1,1
NISSAN,CHERRY,SFB1,1,1
NISSAN,CHERRY,SPB1,1,1
NISSAN,CHERRY,DFB,1,1
NISSAN,CHERRY,DPB,1,1
NISSAN,CHERRY,DFBV,1,1
NISSAN,CHERRY,DPBV,1,1
BMW,M3,B,1,1
ALFA ROMEO,33,DFF,1,1
ALFA ROMEO,33,DPF,1,1
ALFA ROMEO,33,DFBV,1,1
ALFA ROMEO,33,DPBV,1,1
VOLVO TRUCKS,FL7,DFF,1,1
VOLVO TRUCKS,FL7,DPF,1,1
VOLVO,XC 40,DFF,1,1
VOLVO,XC 40,DPF,1,1
VOLVO,C40,F,1,1
VOLVO,C40,DFF,1,1
VOLVO,C40,DPF,1,1
VOLVO,EX30,DFF,1,1
VOLVO,EX30,DPF,1,1
POLESTAR,1,F,1,1
POLESTAR,1,B,1,1
POLESTAR,1,DFF,1,1
POLESTAR,1,DPF,1,1
POLESTAR,3,B,1,1
POLESTAR,3,DFF,1,1
POLESTAR,3,DFB,1,1
POLESTAR,3,SFB1,1,1
POLESTAR,3,DPF,1,1
POLESTAR,3,DPB,1,1
POLESTAR,3,SPB1,1,1
POLESTAR,4,DFF,1,1
POLESTAR,4,DPF,1,1
MERCEDES TRUCKS,L207-309 D210-410 B SERIE 601,DFFV,1,1
MERCEDES TRUCKS,L207-309 D210-410 B SERIE 601,DFF,1,1
VOLVO TRUCKS,F SERIE LASTVOGN,DFF,1,1
VOLVO TRUCKS,F12,DFF,1,1
VOLVO TRUCKS,F16,DFF,1,1
FISKER,OCEAN ONE,F,1,1
FISKER,OCEAN ONE,B,1,1
FISKER,OCEAN ONE,DFF,1,1
FISKER,OCEAN ONE,DPF,1,1
INEOS,GRENADIER,DFF,1,1
TVR,N/A,F,1,1
LAMBORGHINI,COUNTACH,F,1,1
MASERATI,3200 GT,F,1,1
MASERATI,3200 GT,DFF,1,1
MASERATI,3200 GT,DPF,1,1
LAMBORGHINI,GALLARDO,F,1,1
LAMBORGHINI,MURCIELAGO,F,1,1
MASERATI,GRAN TURISMO,F,1,1
MASERATI,GRAN TURISMO,DFF,1,1
MASERATI,GRAN TURISMO,DPF,1,1
VW,1300,DFF,1,1
VW,1302,DFF,1,1
VW,1303,DFF,1,1
LOTUS,EVORA,F,1,1
FISKER,KARMA,F,1,1
MAXUS,V80,DFF,1,1
MAXUS,V80,DPF,1,1
MASERATI,LEVANTE,F,1,1
MASERATI,LEVANTE,B,1,1
MASERATI,LEVANTE,SFB1,1,1
MASERATI,LEVANTE,DFF,1,1
MASERATI,LEVANTE,SPB1,1,1
MASERATI,LEVANTE,DPF,1,1
VW,1303,DFFV,1,1
VW TRUCKS,LT-28,DFFV,1,1
VW TRUCKS,LT-28,DFF,1,1
VW TRUCKS,LT-31,DFF,1,1
MERCEDES TRUCKS,1626-2644SUPER CAB HYTTENR 38973-87,DFFV,1,1
MERCEDES TRUCKS,1626-2644SUPER CAB HYTTENR 38973-87,DFF,1,1
MOTORHOMES,ELNAGH,F,1,1
MOTORHOMES,LAIKA,F,1,1
MOTORHOMES,TABBERT,F,1,1
MOTORHOMES,RAPIDO MERCEDES/FIAT,F,1,1
MOTORHOMES,CONCORDE,F,1,1
MOTORHOMES,FRANKIA,N/A,1,1
MOTORHOMES,EURAMOBIL,N/A,1,1
MOTORHOMES,RAPIDO MERCEDES/FIAT,N/A,1,1
MOTORHOMES,AUTOSTAR,N/A,1,1
MOTORHOMES,KNAUS,N/A,1,1
MOTORHOMES,ADRIA,F,1,1
MOTORHOMES,MIRAGE ALASKA/GUBLIEO,F,1,1
MOTORHOMES,ARCA,F,1,1
HONDA,ELEMENT,DFF,1,1
HONDA,ELEMENT,DPF,1,1
HONDA,ELEMENT,DPB,1,1
HONDA,ELEMENT,DFB,1,1
HONDA,RIDGELINE,DPF,1,1
HONDA,RIDGELINE,DFF,1,1
FIAT,FREEMONT,B,1,1
HONDA,ELEMENT,B,1,1
USA CARS,HUMMER,DPB,1,1
USA CARS,HUMMER,DFB,1,1
FIAT,FREEMONT,DPF,1,1
FIAT,FREEMONT,DFF,1,1
FIAT,FREEMONT,DPB,1,1
FIAT,FREEMONT,DFB,1,1
USA CARS,PONTIAC,DPF,1,1
USA CARS,PONTIAC,DFF,1,1
USA CARS,CHRYSLER,BP,1,1
USA CARS,JEEP,BP,1,1
FIAT,FREEMONT,SPB1,1,1
FIAT,FREEMONT,SFB1,1,1
USA CARS,HUMMER,DPBV,1,1
USA CARS,HUMMER,DFBV,1,1
BYD,ATTO,DFF,1,1
BYD,ATTO,SFB1,1,1
BYD,ATTO,DPF,1,1
BYD,ATTO,SPB1,1,1
BYD,HAN,F,1,1
BYD,HAN,B,1,1
BYD,HAN,DFF,1,1
BYD,HAN,DFB,1,1
BYD,HAN,DPF,1,1
BYD,HAN,DPB,1,1
BYD,SEAL,SFB1,1,1
BYD,SEAL,SPB1,1,1
BYD,ETP,DFF,1,1
BYD,ETP,DPF,1,1
BYD,SEALION,F,1,1
BYD,SEALION,B,1,1
BYD,SEALION,DFF,1,1
BYD,SEALION,DFB,1,1
BYD,SEALION,DPF,1,1
XPENG,P7,B,1,1
XPENG,P7,DFF,1,1
XPENG,P7,DFB,1,1
XPENG,P7,DPF,1,1
XPENG,P7,DPB,1,1
XPENG,G6,F,1,1
XPENG,G6,B,1,1
DFSK (SERES),SERES 3,F,1,1
DFSK (SERES),SERES 3,B,1,1
DFSK (SERES),SERES 5,DFF,1,1
DFSK (SERES),SERES 5,DFB,1,1
DFSK (SERES),SERES 5,DPF,1,1
NIO,ET5,F,1,1
NIO,EL7,F,1,1
JAC (CH),E-JS4,F,1,1
JAC (CH),E-JS4,B,1,1
JAC (CH),E-JS4,DFF,1,1
JAC (CH),E-JS4,DFFV,1,1
JAC (CH),E-JS4,DFB,1,1
JAC (CH),E-JS4,SFB1,1,1
JAC (CH),E-JS4,DFBV,1,1
JAC (CH),E-JS4,DPF,1,1
JAC (CH),E-JS4,DPB,1,1
JAC (CH),E-JS4,SPB1,1,1
VOYAH,N/A,F,1,1
VOYAH,N/A,B,1,1
VOYAH,N/A,DFB,1,1
VOYAH,N/A,DPB,1,1
ZEEKR,N/A,B,1,1
ZEEKR,N/A,DFF,1,1
ZEEKR,N/A,DFB,1,1
ZEEKR,N/A,DPF,1,1
ZEEKR,N/A,DPB,1,1
HONDA,RIDGELINE,B,1,1
HONDA,RIDGELINE,DPB,1,1
HONDA,RIDGELINE,DFB,1,1
TOYOTA,TUNDRA,DPF,1,1
TOYOTA,TUNDRA,DFF,1,1
INFINITI,Q60,DFF,1,1
INFINITI,Q60,DPF,1,1
NISSAN,TITAN,F,1,1
TOYOTA,SIENNA,N/A,1,1
INFINITI,M35/45,F,1,1
TOYOTA TRUCKS,FJ CRUISER,F,1,1
TOYOTA,HIGHLANDER,N/A,1,1
JAC (CH),EX30,F,1,1
JAC (CH),EX30,B,1,1
JAC (CH),EX30,DFF,1,1
JAC (CH),EX30,DFB,1,1
JAC (CH),EX30,DPF,1,1
JAC (CH),EX30,DPB,1,1
JAC (CH),M3 EV,F,1,1
JAC (CH),M3 EV,DFF,1,1
JAC (CH),M3 EV,DFFV,1,1
JAC (CH),M3 EV,DPF,1,1
JAC (CH),M3 EV,DPFV,1,1
JAC (CH),T9 EV,F,1,1
JAC (CH),T9 EV,B,1,1
JAC (CH),T9 EV,DFF,1,1
JAC (CH),T9 EV,DFB,1,1
JAC (CH),T9 EV,DPF,1,1
JAC (CH),T9 EV,DPB,1,1
THINK,N/A,F,1,1
VETERAN CARS (NOT USA),NSU,F,1,1
USA CARS,GMC,N/A,1,1
USA CARS,CADILLAC,N/A,1,1
HONDA,ELEMENT,F,1,1
USA CARS,HUMMER,N/A,1,1
